const uint8_t slave_firmware[] = {
0xE9, 0x03, 0x02, 0x20, 0x1A, 0xB9, 0x86, 0x40, 0xEE, 0x00, 0x00, 0x00, 0x0D, 0x00, 0x00, 0x00, 
0x00, 0x63, 0x00, 0x00, 0x00, 0x00, 0x00, 0x01, 0x30, 0x57, 0x87, 0x40, 0x18, 0x17, 0x00, 0x00, 
0x50, 0x00, 0x00, 0x00, 0x01, 0x00, 0x00, 0x00, 0x76, 0x35, 0x2E, 0x35, 0x2E, 0x31, 0x00, 0x00, 
0x00, 0x00, 0x00, 0x00, 0x00, 0x00, 0x00, 0x00, 0x00, 0x00, 0x00, 0x00, 0x00, 0x00, 0x00, 0x00, 
0x00, 0x00, 0x00, 0x00, 0x00, 0x00, 0x00, 0x00, 0x4D, 0x61, 0x72, 0x20, 0x20, 0x35, 0x20, 0x32, 
0x30, 0x32, 0x36, 0x20, 0x32, 0x31, 0x3A, 0x32, 0x39, 0x3A, 0x33, 0x34, 0x00, 0x00, 0x00, 0x00, 
0x00, 0x00, 0x00, 0x00, 0x00, 0x00, 0x00, 0x00, 0x00, 0x00, 0x00, 0x00, 0x00, 0x00, 0x00, 0x00, 
0x00, 0x0C, 0x0B, 0x60, 0xFF, 0xFF, 0xFF, 0xFF, 0x41, 0x73, 0x73, 0x65, 0x72, 0x74, 0x20, 0x66, 
0x61, 0x69, 0x6C, 0x65, 0x64, 0x20, 0x69, 0x6E, 0x20, 0x25, 0x73, 0x2C, 0x20, 0x25, 0x73, 0x3A, 
0x25, 0x64, 0x20, 0x28, 0x25, 0x73, 0x29, 0x0D, 0x0A, 0x00, 0x00, 0x00, 0x61, 0x62, 0x6F, 0x72, 
0x74, 0x28, 0x29, 0x20, 0x77, 0x61, 0x73, 0x20, 0x63, 0x61, 0x6C, 0x6C, 0x65, 0x64, 0x20, 0x61, 
0x74, 0x20, 0x50, 0x43, 0x20, 0x30, 0x78, 0x25, 0x30, 0x38, 0x78, 0x0D, 0x0A, 0x00, 0x00, 0x00, 
0x62, 0x6F, 0x6F, 0x74, 0x00, 0x00, 0x00, 0x00, 0x45, 0x20, 0x28, 0x25, 0x6C, 0x75, 0x29, 0x20, 
0x25, 0x73, 0x3A, 0x20, 0x6C, 0x6F, 0x61, 0x64, 0x20, 0x70, 0x61, 0x72, 0x74, 0x69, 0x74, 0x69, 
0x6F, 0x6E, 0x20, 0x74, 0x61, 0x62, 0x6C, 0x65, 0x20, 0x65, 0x72, 0x72, 0x6F, 0x72, 0x21, 0x0A, 
0x00, 0x00, 0x00, 0x00, 0x20, 0x69, 0x73, 0x20, 0x6E, 0x6F, 0x74, 0x20, 0x62, 0x6F, 0x6F, 0x74, 
0x61, 0x62, 0x6C, 0x65, 0x00, 0x00, 0x00, 0x00, 0x45, 0x20, 0x28, 0x25, 0x6C, 0x75, 0x29, 0x20, 
0x25, 0x73, 0x3A, 0x20, 0x46, 0x61, 0x63, 0x74, 0x6F, 0x72, 0x79, 0x20, 0x61, 0x70, 0x70, 0x20, 
0x70, 0x61, 0x72, 0x74, 0x69, 0x74, 0x69, 0x6F, 0x6E, 0x25, 0x73, 0x0A, 0x00, 0x00, 0x00, 0x00, 
0x45, 0x20, 0x28, 0x25, 0x6C, 0x75, 0x29, 0x20, 0x25, 0x73, 0x3A, 0x20, 0x46, 0x61, 0x63, 0x74, 
0x6F, 0x72, 0x79, 0x20, 0x74, 0x65, 0x73, 0x74, 0x20, 0x61, 0x70, 0x70, 0x20, 0x70, 0x61, 0x72, 
0x74, 0x69, 0x74, 0x69, 0x6F, 0x6E, 0x25, 0x73, 0x0A, 0x00, 0x00, 0x00, 0x45, 0x20, 0x28, 0x25, 
0x6C, 0x75, 0x29, 0x20, 0x25, 0x73, 0x3A, 0x20, 0x4F, 0x54, 0x41, 0x20, 0x61, 0x70, 0x70, 0x20, 
0x70, 0x61, 0x72, 0x74, 0x69, 0x74, 0x69, 0x6F, 0x6E, 0x20, 0x73, 0x6C, 0x6F, 0x74, 0x20, 0x25, 
0x64, 0x25, 0x73, 0x0A, 0x00, 0x00, 0x00, 0x00, 0x49, 0x20, 0x28, 0x25, 0x6C, 0x75, 0x29, 0x20, 
0x25, 0x73, 0x3A, 0x20, 0x4C, 0x6F, 0x61, 0x64, 0x65, 0x64, 0x20, 0x61, 0x70, 0x70, 0x20, 0x66, 
0x72, 0x6F, 0x6D, 0x20, 0x70, 0x61, 0x72, 0x74, 0x69, 0x74, 0x69, 0x6F, 0x6E, 0x20, 0x61, 0x74, 
0x20, 0x6F, 0x66, 0x66, 0x73, 0x65, 0x74, 0x20, 0x30, 0x78, 0x25, 0x6C, 0x78, 0x0A, 0x00, 0x00, 
0x45, 0x20, 0x28, 0x25, 0x6C, 0x75, 0x29, 0x20, 0x25, 0x73, 0x3A, 0x20, 0x45, 0x72, 0x72, 0x6F, 
0x72, 0x20, 0x69, 0x6E, 0x20, 0x77, 0x72, 0x69, 0x74, 0x65, 0x5F, 0x6F, 0x74, 0x61, 0x64, 0x61, 
0x74, 0x61, 0x20, 0x6F, 0x70, 0x65, 0x72, 0x61, 0x74, 0x69, 0x6F, 0x6E, 0x2E, 0x20, 0x65, 0x72, 
0x72, 0x20, 0x3D, 0x20, 0x30, 0x78, 0x25, 0x78, 0x0A, 0x00, 0x00, 0x00, 0x49, 0x20, 0x28, 0x25, 
0x6C, 0x75, 0x29, 0x20, 0x25, 0x73, 0x3A, 0x20, 0x53, 0x65, 0x74, 0x20, 0x61, 0x63, 0x74, 0x75, 
0x61, 0x6C, 0x20, 0x6F, 0x74, 0x61, 0x5F, 0x73, 0x65, 0x71, 0x3D, 0x25, 0x6C, 0x75, 0x20, 0x69, 
0x6E, 0x20, 0x6F, 0x74, 0x61, 0x64, 0x61, 0x74, 0x61, 0x5B, 0x30, 0x5D, 0x0A, 0x00, 0x00, 0x00, 
0x49, 0x20, 0x28, 0x25, 0x6C, 0x75, 0x29, 0x20, 0x25, 0x73, 0x3A, 0x20, 0x44, 0x69, 0x73, 0x61, 
0x62, 0x6C, 0x69, 0x6E, 0x67, 0x20, 0x52, 0x4E, 0x47, 0x20, 0x65, 0x61, 0x72, 0x6C, 0x79, 0x20, 
0x65, 0x6E, 0x74, 0x72, 0x6F, 0x70, 0x79, 0x20, 0x73, 0x6F, 0x75, 0x72, 0x63, 0x65, 0x2E, 0x2E, 
0x2E, 0x0A, 0x00, 0x00, 0x72, 0x6F, 0x6D, 0x5F, 0x69, 0x6E, 0x64, 0x65, 0x78, 0x20, 0x3D, 0x3D, 
0x20, 0x32, 0x00, 0x00, 0x2F, 0x2F, 0x49, 0x44, 0x46, 0x2F, 0x63, 0x6F, 0x6D, 0x70, 0x6F, 0x6E, 
0x65, 0x6E, 0x74, 0x73, 0x2F, 0x62, 0x6F, 0x6F, 0x74, 0x6C, 0x6F, 0x61, 0x64, 0x65, 0x72, 0x5F, 
0x73, 0x75, 0x70, 0x70, 0x6F, 0x72, 0x74, 0x2F, 0x73, 0x72, 0x63, 0x2F, 0x62, 0x6F, 0x6F, 0x74, 
0x6C, 0x6F, 0x61, 0x64, 0x65, 0x72, 0x5F, 0x75, 0x74, 0x69, 0x6C, 0x69, 0x74, 0x79, 0x2E, 0x63, 
0x00, 0x00, 0x00, 0x00, 0x72, 0x6F, 0x6D, 0x5F, 0x69, 0x6E, 0x64, 0x65, 0x78, 0x20, 0x3C, 0x20, 
0x32, 0x00, 0x00, 0x00, 0x45, 0x20, 0x28, 0x25, 0x6C, 0x75, 0x29, 0x20, 0x25, 0x73, 0x3A, 0x20, 
0x6F, 0x74, 0x61, 0x5F, 0x69, 0x6E, 0x66, 0x6F, 0x20, 0x70, 0x61, 0x72, 0x74, 0x69, 0x74, 0x69, 
0x6F, 0x6E, 0x20, 0x73, 0x69, 0x7A, 0x65, 0x20, 0x25, 0x6C, 0x75, 0x20, 0x69, 0x73, 0x20, 0x74, 
0x6F, 0x6F, 0x20, 0x73, 0x6D, 0x61, 0x6C, 0x6C, 0x20, 0x28, 0x6D, 0x69, 0x6E, 0x69, 0x6D, 0x75, 
0x6D, 0x20, 0x25, 0x64, 0x20, 0x62, 0x79, 0x74, 0x65, 0x73, 0x29, 0x0A, 0x00, 0x00, 0x00, 0x00, 
0x45, 0x20, 0x28, 0x25, 0x6C, 0x75, 0x29, 0x20, 0x25, 0x73, 0x3A, 0x20, 0x62, 0x6F, 0x6F, 0x74, 
0x6C, 0x6F, 0x61, 0x64, 0x65, 0x72, 0x5F, 0x6D, 0x6D, 0x61, 0x70, 0x28, 0x30, 0x78, 0x25, 0x6C, 
0x78, 0x2C, 0x20, 0x30, 0x78, 0x25, 0x6C, 0x78, 0x29, 0x20, 0x66, 0x61, 0x69, 0x6C, 0x65, 0x64, 
0x0A, 0x00, 0x00, 0x00, 0x74, 0x65, 0x73, 0x74, 0x20, 0x61, 0x70, 0x70, 0x00, 0x00, 0x00, 0x00, 
0x52, 0x46, 0x20, 0x64, 0x61, 0x74, 0x61, 0x00, 0x70, 0x72, 0x69, 0x6D, 0x61, 0x72, 0x79, 0x20, 
0x62, 0x6F, 0x6F, 0x74, 0x6C, 0x6F, 0x61, 0x64, 0x65, 0x72, 0x00, 0x00, 0x70, 0x72, 0x69, 0x6D, 
0x61, 0x72, 0x79, 0x20, 0x70, 0x61, 0x72, 0x74, 0x69, 0x74, 0x69, 0x6F, 0x6E, 0x5F, 0x74, 0x61, 
0x62, 0x6C, 0x65, 0x00, 0x75, 0x6E, 0x6B, 0x6E, 0x6F, 0x77, 0x6E, 0x00, 0x66, 0x61, 0x63, 0x74, 
0x6F, 0x72, 0x79, 0x20, 0x61, 0x70, 0x70, 0x00, 0x4F, 0x54, 0x41, 0x20, 0x61, 0x70, 0x70, 0x00, 
0x55, 0x6E, 0x6B, 0x6E, 0x6F, 0x77, 0x6E, 0x20, 0x61, 0x70, 0x70, 0x00, 0x4F, 0x54, 0x41, 0x20, 
0x64, 0x61, 0x74, 0x61, 0x00, 0x00, 0x00, 0x00, 0x55, 0x6E, 0x6B, 0x6E, 0x6F, 0x77, 0x6E, 0x20, 
0x64, 0x61, 0x74, 0x61, 0x00, 0x00, 0x00, 0x00, 0x65, 0x66, 0x75, 0x73, 0x65, 0x00, 0x00, 0x00, 
0x4E, 0x56, 0x53, 0x20, 0x6B, 0x65, 0x79, 0x73, 0x00, 0x00, 0x00, 0x00, 0x57, 0x69, 0x46, 0x69, 
0x20, 0x64, 0x61, 0x74, 0x61, 0x00, 0x00, 0x00, 0x6F, 0x74, 0x61, 0x20, 0x70, 0x61, 0x72, 0x74, 
0x69, 0x74, 0x69, 0x6F, 0x6E, 0x5F, 0x74, 0x61, 0x62, 0x6C, 0x65, 0x00, 0x72, 0x65, 0x63, 0x6F, 
0x76, 0x65, 0x72, 0x79, 0x20, 0x62, 0x6F, 0x6F, 0x74, 0x6C, 0x6F, 0x61, 0x64, 0x65, 0x72, 0x00, 
0x6F, 0x74, 0x61, 0x20, 0x62, 0x6F, 0x6F, 0x74, 0x6C, 0x6F, 0x61, 0x64, 0x65, 0x72, 0x00, 0x00, 
0x45, 0x20, 0x28, 0x25, 0x6C, 0x75, 0x29, 0x20, 0x25, 0x73, 0x3A, 0x20, 0x62, 0x6F, 0x6F, 0x74, 
0x6C, 0x6F, 0x61, 0x64, 0x65, 0x72, 0x5F, 0x6D, 0x6D, 0x61, 0x70, 0x28, 0x30, 0x78, 0x25, 0x78, 
0x2C, 0x20, 0x30, 0x78, 0x25, 0x78, 0x29, 0x20, 0x66, 0x61, 0x69, 0x6C, 0x65, 0x64, 0x0A, 0x00, 
0x45, 0x20, 0x28, 0x25, 0x6C, 0x75, 0x29, 0x20, 0x25, 0x73, 0x3A, 0x20, 0x46, 0x61, 0x69, 0x6C, 
0x65, 0x64, 0x20, 0x74, 0x6F, 0x20, 0x76, 0x65, 0x72, 0x69, 0x66, 0x79, 0x20, 0x70, 0x61, 0x72, 
0x74, 0x69, 0x74, 0x69, 0x6F, 0x6E, 0x20, 0x74, 0x61, 0x62, 0x6C, 0x65, 0x0A, 0x00, 0x00, 0x00, 
0x49, 0x20, 0x28, 0x25, 0x6C, 0x75, 0x29, 0x20, 0x25, 0x73, 0x3A, 0x20, 0x50, 0x61, 0x72, 0x74, 
0x69, 0x74, 0x69, 0x6F, 0x6E, 0x20, 0x54, 0x61, 0x62, 0x6C, 0x65, 0x3A, 0x0A, 0x00, 0x00, 0x00, 
0x49, 0x20, 0x28, 0x25, 0x6C, 0x75, 0x29, 0x20, 0x25, 0x73, 0x3A, 0x20, 0x23, 0x23, 0x20, 0x4C, 
0x61, 0x62, 0x65, 0x6C, 0x20, 0x20, 0x20, 0x20, 0x20, 0x20, 0x20, 0x20, 0x20, 0x20, 0x20, 0x20, 
0x55, 0x73, 0x61, 0x67, 0x65, 0x20, 0x20, 0x20, 0x20, 0x20, 0x20, 0x20, 0x20, 0x20, 0x20, 0x54, 
0x79, 0x70, 0x65, 0x20, 0x53, 0x54, 0x20, 0x4F, 0x66, 0x66, 0x73, 0x65, 0x74, 0x20, 0x20, 0x20, 
0x4C, 0x65, 0x6E, 0x67, 0x74, 0x68, 0x0A, 0x00, 0x49, 0x20, 0x28, 0x25, 0x6C, 0x75, 0x29, 0x20, 
0x25, 0x73, 0x3A, 0x20, 0x25, 0x32, 0x64, 0x20, 0x25, 0x2D, 0x31, 0x36, 0x73, 0x20, 0x25, 0x2D, 
0x31, 0x36, 0x73, 0x20, 0x25, 0x30, 0x32, 0x78, 0x20, 0x25, 0x30, 0x32, 0x78, 0x20, 0x25, 0x30, 
0x38, 0x6C, 0x78, 0x20, 0x25, 0x30, 0x38, 0x6C, 0x78, 0x0A, 0x00, 0x00, 0x49, 0x20, 0x28, 0x25, 
0x6C, 0x75, 0x29, 0x20, 0x25, 0x73, 0x3A, 0x20, 0x45, 0x6E, 0x64, 0x20, 0x6F, 0x66, 0x20, 0x70, 
0x61, 0x72, 0x74, 0x69, 0x74, 0x69, 0x6F, 0x6E, 0x20, 0x74, 0x61, 0x62, 0x6C, 0x65, 0x0A, 0x00, 
0x49, 0x20, 0x28, 0x25, 0x6C, 0x75, 0x29, 0x20, 0x25, 0x73, 0x3A, 0x20, 0x44, 0x65, 0x66, 0x61, 
0x75, 0x6C, 0x74, 0x69, 0x6E, 0x67, 0x20, 0x74, 0x6F, 0x20, 0x66, 0x61, 0x63, 0x74, 0x6F, 0x72, 
0x79, 0x20, 0x69, 0x6D, 0x61, 0x67, 0x65, 0x0A, 0x00, 0x00, 0x00, 0x00, 0x49, 0x20, 0x28, 0x25, 
0x6C, 0x75, 0x29, 0x20, 0x25, 0x73, 0x3A, 0x20, 0x4E, 0x6F, 0x20, 0x66, 0x61, 0x63, 0x74, 0x6F, 
0x72, 0x79, 0x20, 0x69, 0x6D, 0x61, 0x67, 0x65, 0x2C, 0x20, 0x74, 0x72, 0x79, 0x69, 0x6E, 0x67, 
0x20, 0x4F, 0x54, 0x41, 0x20, 0x30, 0x0A, 0x00, 0x45, 0x20, 0x28, 0x25, 0x6C, 0x75, 0x29, 0x20, 
0x25, 0x73, 0x3A, 0x20, 0x6F, 0x74, 0x61, 0x20, 0x64, 0x61, 0x74, 0x61, 0x20, 0x70, 0x61, 0x72, 
0x74, 0x69, 0x74, 0x69, 0x6F, 0x6E, 0x20, 0x69, 0x6E, 0x76, 0x61, 0x6C, 0x69, 0x64, 0x2C, 0x20, 
0x66, 0x61, 0x6C, 0x6C, 0x69, 0x6E, 0x67, 0x20, 0x62, 0x61, 0x63, 0x6B, 0x20, 0x74, 0x6F, 0x20, 
0x66, 0x61, 0x63, 0x74, 0x6F, 0x72, 0x79, 0x0A, 0x00, 0x00, 0x00, 0x00, 0x45, 0x20, 0x28, 0x25, 
0x6C, 0x75, 0x29, 0x20, 0x25, 0x73, 0x3A, 0x20, 0x6F, 0x74, 0x61, 0x20, 0x64, 0x61, 0x74, 0x61, 
0x20, 0x70, 0x61, 0x72, 0x74, 0x69, 0x74, 0x69, 0x6F, 0x6E, 0x20, 0x69, 0x6E, 0x76, 0x61, 0x6C, 
0x69, 0x64, 0x20, 0x61, 0x6E, 0x64, 0x20, 0x6E, 0x6F, 0x20, 0x66, 0x61, 0x63, 0x74, 0x6F, 0x72, 
0x79, 0x2C, 0x20, 0x77, 0x69, 0x6C, 0x6C, 0x20, 0x74, 0x72, 0x79, 0x20, 0x61, 0x6C, 0x6C, 0x20, 
0x70, 0x61, 0x72, 0x74, 0x69, 0x74, 0x69, 0x6F, 0x6E, 0x73, 0x0A, 0x00, 0x45, 0x20, 0x28, 0x25, 
0x6C, 0x75, 0x29, 0x20, 0x25, 0x73, 0x3A, 0x20, 0x4E, 0x6F, 0x20, 0x62, 0x6F, 0x6F, 0x74, 0x61, 
0x62, 0x6C, 0x65, 0x20, 0x74, 0x65, 0x73, 0x74, 0x20, 0x70, 0x61, 0x72, 0x74, 0x69, 0x74, 0x69, 
0x6F, 0x6E, 0x20, 0x69, 0x6E, 0x20, 0x74, 0x68, 0x65, 0x20, 0x70, 0x61, 0x72, 0x74, 0x69, 0x74, 
0x69, 0x6F, 0x6E, 0x20, 0x74, 0x61, 0x62, 0x6C, 0x65, 0x0A, 0x00, 0x00, 0x57, 0x20, 0x28, 0x25, 
0x6C, 0x75, 0x29, 0x20, 0x25, 0x73, 0x3A, 0x20, 0x46, 0x61, 0x6C, 0x6C, 0x69, 0x6E, 0x67, 0x20, 
0x62, 0x61, 0x63, 0x6B, 0x20, 0x74, 0x6F, 0x20, 0x74, 0x65, 0x73, 0x74, 0x20, 0x61, 0x70, 0x70, 
0x20, 0x61, 0x73, 0x20, 0x6F, 0x6E, 0x6C, 0x79, 0x20, 0x62, 0x6F, 0x6F, 0x74, 0x61, 0x62, 0x6C, 
0x65, 0x20, 0x70, 0x61, 0x72, 0x74, 0x69, 0x74, 0x69, 0x6F, 0x6E, 0x0A, 0x00, 0x00, 0x00, 0x00, 
0x45, 0x20, 0x28, 0x25, 0x6C, 0x75, 0x29, 0x20, 0x25, 0x73, 0x3A, 0x20, 0x4E, 0x6F, 0x20, 0x62, 
0x6F, 0x6F, 0x74, 0x61, 0x62, 0x6C, 0x65, 0x20, 0x61, 0x70, 0x70, 0x20, 0x70, 0x61, 0x72, 0x74, 
0x69, 0x74, 0x69, 0x6F, 0x6E, 0x73, 0x20, 0x69, 0x6E, 0x20, 0x74, 0x68, 0x65, 0x20, 0x70, 0x61, 
0x72, 0x74, 0x69, 0x74, 0x69, 0x6F, 0x6E, 0x20, 0x74, 0x61, 0x62, 0x6C, 0x65, 0x0A, 0x00, 0x00, 
0x66, 0x6C, 0x61, 0x73, 0x68, 0x5F, 0x70, 0x61, 0x72, 0x74, 0x73, 0x00, 0x45, 0x20, 0x28, 0x25, 
0x6C, 0x75, 0x29, 0x20, 0x25, 0x73, 0x3A, 0x20, 0x70, 0x61, 0x72, 0x74, 0x69, 0x74, 0x69, 0x6F, 
0x6E, 0x20, 0x25, 0x64, 0x20, 0x69, 0x6E, 0x76, 0x61, 0x6C, 0x69, 0x64, 0x20, 0x2D, 0x20, 0x6F, 
0x66, 0x66, 0x73, 0x65, 0x74, 0x20, 0x30, 0x78, 0x25, 0x6C, 0x78, 0x20, 0x73, 0x69, 0x7A, 0x65, 
0x20, 0x30, 0x78, 0x25, 0x6C, 0x78, 0x20, 0x65, 0x78, 0x63, 0x65, 0x65, 0x64, 0x73, 0x20, 0x66, 
0x6C, 0x61, 0x73, 0x68, 0x20, 0x63, 0x68, 0x69, 0x70, 0x20, 0x73, 0x69, 0x7A, 0x65, 0x20, 0x30, 
0x78, 0x25, 0x6C, 0x78, 0x0A, 0x00, 0x00, 0x00, 0x45, 0x20, 0x28, 0x25, 0x6C, 0x75, 0x29, 0x20, 
0x25, 0x73, 0x3A, 0x20, 0x4F, 0x6E, 0x6C, 0x79, 0x20, 0x6F, 0x6E, 0x65, 0x20, 0x4D, 0x44, 0x35, 
0x20, 0x63, 0x68, 0x65, 0x63, 0x6B, 0x73, 0x75, 0x6D, 0x20, 0x69, 0x73, 0x20, 0x61, 0x6C, 0x6C, 
0x6F, 0x77, 0x65, 0x64, 0x0A, 0x00, 0x00, 0x00, 0x45, 0x20, 0x28, 0x25, 0x6C, 0x75, 0x29, 0x20, 
0x25, 0x73, 0x3A, 0x20, 0x49, 0x6E, 0x63, 0x6F, 0x72, 0x72, 0x65, 0x63, 0x74, 0x20, 0x4D, 0x44, 
0x35, 0x20, 0x63, 0x68, 0x65, 0x63, 0x6B, 0x73, 0x75, 0x6D, 0x0A, 0x00, 0x45, 0x20, 0x28, 0x25, 
0x6C, 0x75, 0x29, 0x20, 0x25, 0x73, 0x3A, 0x20, 0x70, 0x61, 0x72, 0x74, 0x69, 0x74, 0x69, 0x6F, 
0x6E, 0x20, 0x25, 0x64, 0x20, 0x69, 0x6E, 0x76, 0x61, 0x6C, 0x69, 0x64, 0x20, 0x6D, 0x61, 0x67, 
0x69, 0x63, 0x20, 0x6E, 0x75, 0x6D, 0x62, 0x65, 0x72, 0x20, 0x30, 0x78, 0x25, 0x78, 0x0A, 0x00, 
0x45, 0x20, 0x28, 0x25, 0x6C, 0x75, 0x29, 0x20, 0x25, 0x73, 0x3A, 0x20, 0x70, 0x61, 0x72, 0x74, 
0x69, 0x74, 0x69, 0x6F, 0x6E, 0x20, 0x74, 0x61, 0x62, 0x6C, 0x65, 0x20, 0x68, 0x61, 0x73, 0x20, 
0x6E, 0x6F, 0x20, 0x74, 0x65, 0x72, 0x6D, 0x69, 0x6E, 0x61, 0x74, 0x69, 0x6E, 0x67, 0x20, 0x65, 
0x6E, 0x74, 0x72, 0x79, 0x2C, 0x20, 0x6E, 0x6F, 0x74, 0x20, 0x76, 0x61, 0x6C, 0x69, 0x64, 0x0A, 
0x00, 0x00, 0x00, 0x00, 0x6F, 0x76, 0x65, 0x72, 0x6C, 0x61, 0x70, 0x73, 0x20, 0x62, 0x6F, 0x6F, 
0x74, 0x6C, 0x6F, 0x61, 0x64, 0x65, 0x72, 0x20, 0x73, 0x74, 0x61, 0x63, 0x6B, 0x00, 0x00, 0x00, 
0x6F, 0x76, 0x65, 0x72, 0x6C, 0x61, 0x70, 0x73, 0x20, 0x62, 0x6F, 0x6F, 0x74, 0x6C, 0x6F, 0x61, 
0x64, 0x65, 0x72, 0x20, 0x64, 0x61, 0x74, 0x61, 0x00, 0x00, 0x00, 0x00, 0x62, 0x61, 0x64, 0x20, 
0x6C, 0x6F, 0x61, 0x64, 0x20, 0x61, 0x64, 0x64, 0x72, 0x65, 0x73, 0x73, 0x20, 0x72, 0x61, 0x6E, 
0x67, 0x65, 0x00, 0x00, 0x6D, 0x61, 0x70, 0x00, 0x65, 0x73, 0x70, 0x5F, 0x69, 0x6D, 0x61, 0x67, 
0x65, 0x00, 0x00, 0x00, 0x45, 0x20, 0x28, 0x25, 0x6C, 0x75, 0x29, 0x20, 0x25, 0x73, 0x3A, 0x20, 
0x62, 0x6F, 0x6F, 0x74, 0x6C, 0x6F, 0x61, 0x64, 0x65, 0x72, 0x5F, 0x66, 0x6C, 0x61, 0x73, 0x68, 
0x5F, 0x72, 0x65, 0x61, 0x64, 0x20, 0x66, 0x61, 0x69, 0x6C, 0x65, 0x64, 0x20, 0x61, 0x74, 0x20, 
0x30, 0x78, 0x25, 0x30, 0x38, 0x6C, 0x78, 0x0A, 0x00, 0x00, 0x00, 0x00, 0x45, 0x20, 0x28, 0x25, 
0x6C, 0x75, 0x29, 0x20, 0x25, 0x73, 0x3A, 0x20, 0x69, 0x6E, 0x76, 0x61, 0x6C, 0x69, 0x64, 0x20, 
0x73, 0x65, 0x67, 0x6D, 0x65, 0x6E, 0x74, 0x20, 0x6C, 0x65, 0x6E, 0x67, 0x74, 0x68, 0x20, 0x30, 
0x78, 0x25, 0x6C, 0x78, 0x0A, 0x00, 0x00, 0x00, 0x45, 0x20, 0x28, 0x25, 0x6C, 0x75, 0x29, 0x20, 
0x25, 0x73, 0x3A, 0x20, 0x46, 0x61, 0x69, 0x6C, 0x65, 0x64, 0x20, 0x74, 0x6F, 0x20, 0x66, 0x65, 
0x74, 0x63, 0x68, 0x20, 0x61, 0x70, 0x70, 0x20, 0x64, 0x65, 0x73, 0x63, 0x72, 0x69, 0x70, 0x74, 
0x69, 0x6F, 0x6E, 0x20, 0x68, 0x65, 0x61, 0x64, 0x65, 0x72, 0x21, 0x0A, 0x00, 0x00, 0x00, 0x00, 
0x49, 0x20, 0x28, 0x25, 0x6C, 0x75, 0x29, 0x20, 0x25, 0x73, 0x3A, 0x20, 0x4D, 0x4D, 0x55, 0x20, 
0x70, 0x61, 0x67, 0x65, 0x20, 0x73, 0x69, 0x7A, 0x65, 0x20, 0x6D, 0x69, 0x73, 0x6D, 0x61, 0x74, 
0x63, 0x68, 0x2C, 0x20, 0x63, 0x6F, 0x6E, 0x66, 0x69, 0x67, 0x75, 0x72, 0x65, 0x64, 0x3A, 0x20, 
0x30, 0x78, 0x25, 0x78, 0x2C, 0x20, 0x66, 0x6F, 0x75, 0x6E, 0x64, 0x3A, 0x20, 0x30, 0x78, 0x25, 
0x6C, 0x78, 0x0A, 0x00, 0x45, 0x20, 0x28, 0x25, 0x6C, 0x75, 0x29, 0x20, 0x25, 0x73, 0x3A, 0x20, 
0x53, 0x65, 0x67, 0x6D, 0x65, 0x6E, 0x74, 0x20, 0x25, 0x64, 0x20, 0x6C, 0x6F, 0x61, 0x64, 0x20, 
0x61, 0x64, 0x64, 0x72, 0x65, 0x73, 0x73, 0x20, 0x30, 0x78, 0x25, 0x30, 0x38, 0x6C, 0x78, 0x2C, 
0x20, 0x64, 0x6F, 0x65, 0x73, 0x6E, 0x27, 0x74, 0x20, 0x6D, 0x61, 0x74, 0x63, 0x68, 0x20, 0x64, 
0x61, 0x74, 0x61, 0x20, 0x30, 0x78, 0x25, 0x30, 0x38, 0x6C, 0x78, 0x0A, 0x00, 0x00, 0x00, 0x00, 
0x49, 0x20, 0x28, 0x25, 0x6C, 0x75, 0x29, 0x20, 0x25, 0x73, 0x3A, 0x20, 0x73, 0x65, 0x67, 0x6D, 
0x65, 0x6E, 0x74, 0x20, 0x25, 0x64, 0x3A, 0x20, 0x70, 0x61, 0x64, 0x64, 0x72, 0x3D, 0x25, 0x30, 
0x38, 0x6C, 0x78, 0x20, 0x76, 0x61, 0x64, 0x64, 0x72, 0x3D, 0x25, 0x30, 0x38, 0x78, 0x20, 0x73, 
0x69, 0x7A, 0x65, 0x3D, 0x25, 0x30, 0x35, 0x6C, 0x78, 0x68, 0x20, 0x28, 0x25, 0x36, 0x6C, 0x75, 
0x29, 0x20, 0x25, 0x73, 0x0A, 0x00, 0x00, 0x00, 0x6C, 0x6F, 0x61, 0x64, 0x00, 0x00, 0x00, 0x00, 
0x6C, 0x6F, 0x61, 0x64, 0x5F, 0x65, 0x6E, 0x64, 0x20, 0x3E, 0x20, 0x6C, 0x6F, 0x61, 0x64, 0x5F, 
0x61, 0x64, 0x64, 0x72, 0x00, 0x00, 0x00, 0x00, 0x2F, 0x2F, 0x49, 0x44, 0x46, 0x2F, 0x63, 0x6F, 
0x6D, 0x70, 0x6F, 0x6E, 0x65, 0x6E, 0x74, 0x73, 0x2F, 0x62, 0x6F, 0x6F, 0x74, 0x6C, 0x6F, 0x61, 
0x64, 0x65, 0x72, 0x5F, 0x73, 0x75, 0x70, 0x70, 0x6F, 0x72, 0x74, 0x2F, 0x73, 0x72, 0x63, 0x2F, 
0x65, 0x73, 0x70, 0x5F, 0x69, 0x6D, 0x61, 0x67, 0x65, 0x5F, 0x66, 0x6F, 0x72, 0x6D, 0x61, 0x74, 
0x2E, 0x63, 0x00, 0x00, 0x65, 0x6E, 0x64, 0x31, 0x20, 0x3E, 0x20, 0x73, 0x74, 0x61, 0x72, 0x74, 
0x31, 0x00, 0x00, 0x00, 0x2F, 0x2F, 0x49, 0x44, 0x46, 0x2F, 0x63, 0x6F, 0x6D, 0x70, 0x6F, 0x6E, 
0x65, 0x6E, 0x74, 0x73, 0x2F, 0x62, 0x6F, 0x6F, 0x74, 0x6C, 0x6F, 0x61, 0x64, 0x65, 0x72, 0x5F, 
0x73, 0x75, 0x70, 0x70, 0x6F, 0x72, 0x74, 0x2F, 0x69, 0x6E, 0x63, 0x6C, 0x75, 0x64, 0x65, 0x2F, 
0x62, 0x6F, 0x6F, 0x74, 0x6C, 0x6F, 0x61, 0x64, 0x65, 0x72, 0x5F, 0x75, 0x74, 0x69, 0x6C, 0x2E, 
0x68, 0x00, 0x00, 0x00, 0x45, 0x20, 0x28, 0x25, 0x6C, 0x75, 0x29, 0x20, 0x25, 0x73, 0x3A, 0x20, 
0x53, 0x65, 0x67, 0x6D, 0x65, 0x6E, 0x74, 0x20, 0x25, 0x64, 0x20, 0x30, 0x78, 0x25, 0x30, 0x38, 
0x78, 0x2D, 0x30, 0x78, 0x25, 0x30, 0x38, 0x78, 0x20, 0x69, 0x6E, 0x76, 0x61, 0x6C, 0x69, 0x64, 
0x3A, 0x20, 0x25, 0x73, 0x0A, 0x00, 0x00, 0x00, 0x45, 0x20, 0x28, 0x25, 0x6C, 0x75, 0x29, 0x20, 
0x25, 0x73, 0x3A, 0x20, 0x4E, 0x6F, 0x20, 0x66, 0x72, 0x65, 0x65, 0x20, 0x4D, 0x4D, 0x55, 0x20, 
0x70, 0x61, 0x67, 0x65, 0x73, 0x20, 0x61, 0x72, 0x65, 0x20, 0x61, 0x76, 0x61, 0x69, 0x6C, 0x61, 
0x62, 0x6C, 0x65, 0x0A, 0x00, 0x00, 0x00, 0x00, 0x45, 0x20, 0x28, 0x25, 0x6C, 0x75, 0x29, 0x20, 
0x25, 0x73, 0x3A, 0x20, 0x69, 0x6D, 0x61, 0x67, 0x65, 0x20, 0x6F, 0x66, 0x66, 0x73, 0x65, 0x74, 
0x20, 0x68, 0x61, 0x73, 0x20, 0x77, 0x72, 0x61, 0x70, 0x70, 0x65, 0x64, 0x0A, 0x00, 0x00, 0x00, 
0x45, 0x20, 0x28, 0x25, 0x6C, 0x75, 0x29, 0x20, 0x25, 0x73, 0x3A, 0x20, 0x70, 0x61, 0x72, 0x74, 
0x69, 0x74, 0x69, 0x6F, 0x6E, 0x20, 0x73, 0x69, 0x7A, 0x65, 0x20, 0x30, 0x78, 0x25, 0x6C, 0x78, 
0x20, 0x69, 0x6E, 0x76, 0x61, 0x6C, 0x69, 0x64, 0x2C, 0x20, 0x6C, 0x61, 0x72, 0x67, 0x65, 0x72, 
0x20, 0x74, 0x68, 0x61, 0x6E, 0x20, 0x31, 0x36, 0x4D, 0x42, 0x0A, 0x00, 0x45, 0x20, 0x28, 0x25, 
0x6C, 0x75, 0x29, 0x20, 0x25, 0x73, 0x3A, 0x20, 0x69, 0x6D, 0x61, 0x67, 0x65, 0x20, 0x61, 0x74, 
0x20, 0x30, 0x78, 0x25, 0x6C, 0x78, 0x20, 0x68, 0x61, 0x73, 0x20, 0x69, 0x6E, 0x76, 0x61, 0x6C, 
0x69, 0x64, 0x20, 0x6D, 0x61, 0x67, 0x69, 0x63, 0x20, 0x62, 0x79, 0x74, 0x65, 0x20, 0x28, 0x6E, 
0x6F, 0x74, 0x68, 0x69, 0x6E, 0x67, 0x20, 0x66, 0x6C, 0x61, 0x73, 0x68, 0x65, 0x64, 0x20, 0x68, 
0x65, 0x72, 0x65, 0x3F, 0x29, 0x0A, 0x00, 0x00, 0x45, 0x20, 0x28, 0x25, 0x6C, 0x75, 0x29, 0x20, 
0x25, 0x73, 0x3A, 0x20, 0x69, 0x6D, 0x61, 0x67, 0x65, 0x20, 0x61, 0x74, 0x20, 0x30, 0x78, 0x25, 
0x6C, 0x78, 0x20, 0x73, 0x65, 0x67, 0x6D, 0x65, 0x6E, 0x74, 0x20, 0x63, 0x6F, 0x75, 0x6E, 0x74, 
0x20, 0x25, 0x64, 0x20, 0x65, 0x78, 0x63, 0x65, 0x65, 0x64, 0x73, 0x20, 0x6D, 0x61, 0x78, 0x20, 
0x25, 0x64, 0x0A, 0x00, 0x45, 0x20, 0x28, 0x25, 0x6C, 0x75, 0x29, 0x20, 0x25, 0x73, 0x3A, 0x20, 
0x43, 0x68, 0x65, 0x63, 0x6B, 0x73, 0x75, 0x6D, 0x20, 0x66, 0x61, 0x69, 0x6C, 0x65, 0x64, 0x2E, 
0x20, 0x43, 0x61, 0x6C, 0x63, 0x75, 0x6C, 0x61, 0x74, 0x65, 0x64, 0x20, 0x30, 0x78, 0x25, 0x78, 
0x20, 0x72, 0x65, 0x61, 0x64, 0x20, 0x30, 0x78, 0x25, 0x78, 0x0A, 0x00, 0x45, 0x20, 0x28, 0x25, 
0x6C, 0x75, 0x29, 0x20, 0x25, 0x73, 0x3A, 0x20, 0x49, 0x6D, 0x61, 0x67, 0x65, 0x20, 0x6C, 0x65, 
0x6E, 0x67, 0x74, 0x68, 0x20, 0x25, 0x6C, 0x75, 0x20, 0x64, 0x6F, 0x65, 0x73, 0x6E, 0x27, 0x74, 
0x20, 0x66, 0x69, 0x74, 0x20, 0x69, 0x6E, 0x20, 0x70, 0x61, 0x72, 0x74, 0x69, 0x74, 0x69, 0x6F, 
0x6E, 0x20, 0x6C, 0x65, 0x6E, 0x67, 0x74, 0x68, 0x20, 0x25, 0x6C, 0x75, 0x0A, 0x00, 0x00, 0x00, 
0x43, 0x61, 0x6C, 0x63, 0x75, 0x6C, 0x61, 0x74, 0x65, 0x64, 0x20, 0x68, 0x61, 0x73, 0x68, 0x00, 
0x45, 0x20, 0x28, 0x25, 0x6C, 0x75, 0x29, 0x20, 0x25, 0x73, 0x3A, 0x20, 0x49, 0x6D, 0x61, 0x67, 
0x65, 0x20, 0x68, 0x61, 0x73, 0x68, 0x20, 0x66, 0x61, 0x69, 0x6C, 0x65, 0x64, 0x20, 0x2D, 0x20, 
0x69, 0x6D, 0x61, 0x67, 0x65, 0x20, 0x69, 0x73, 0x20, 0x63, 0x6F, 0x72, 0x72, 0x75, 0x70, 0x74, 
0x0A, 0x00, 0x00, 0x00, 0x45, 0x78, 0x70, 0x65, 0x63, 0x74, 0x65, 0x64, 0x20, 0x68, 0x61, 0x73, 
0x68, 0x00, 0x00, 0x00, 0x68, 0x61, 0x6E, 0x64, 0x6C, 0x65, 0x20, 0x21, 0x3D, 0x20, 0x4E, 0x55, 
0x4C, 0x4C, 0x00, 0x00, 0x2F, 0x2F, 0x49, 0x44, 0x46, 0x2F, 0x63, 0x6F, 0x6D, 0x70, 0x6F, 0x6E, 
0x65, 0x6E, 0x74, 0x73, 0x2F, 0x62, 0x6F, 0x6F, 0x74, 0x6C, 0x6F, 0x61, 0x64, 0x65, 0x72, 0x5F, 
0x73, 0x75, 0x70, 0x70, 0x6F, 0x72, 0x74, 0x2F, 0x73, 0x72, 0x63, 0x2F, 0x62, 0x6F, 0x6F, 0x74, 
0x6C, 0x6F, 0x61, 0x64, 0x65, 0x72, 0x5F, 0x73, 0x68, 0x61, 0x2E, 0x63, 0x00, 0x00, 0x00, 0x00, 
0x65, 0x6E, 0x61, 0x62, 0x6C, 0x65, 0x00, 0x00, 0x2F, 0x2F, 0x49, 0x44, 0x46, 0x2F, 0x63, 0x6F, 
0x6D, 0x70, 0x6F, 0x6E, 0x65, 0x6E, 0x74, 0x73, 0x2F, 0x62, 0x6F, 0x6F, 0x74, 0x6C, 0x6F, 0x61, 
0x64, 0x65, 0x72, 0x5F, 0x73, 0x75, 0x70, 0x70, 0x6F, 0x72, 0x74, 0x2F, 0x73, 0x72, 0x63, 0x2F, 
0x65, 0x73, 0x70, 0x33, 0x32, 0x63, 0x36, 0x2F, 0x62, 0x6F, 0x6F, 0x74, 0x6C, 0x6F, 0x61, 0x64, 
0x65, 0x72, 0x5F, 0x73, 0x6F, 0x63, 0x2E, 0x63, 0x00, 0x00, 0x00, 0x00, 0x26, 0x5F, 0x62, 0x73, 
0x73, 0x5F, 0x73, 0x74, 0x61, 0x72, 0x74, 0x20, 0x3C, 0x3D, 0x20, 0x26, 0x5F, 0x62, 0x73, 0x73, 
0x5F, 0x65, 0x6E, 0x64, 0x00, 0x00, 0x00, 0x00, 0x2F, 0x2F, 0x49, 0x44, 0x46, 0x2F, 0x63, 0x6F, 
0x6D, 0x70, 0x6F, 0x6E, 0x65, 0x6E, 0x74, 0x73, 0x2F, 0x62, 0x6F, 0x6F, 0x74, 0x6C, 0x6F, 0x61, 
0x64, 0x65, 0x72, 0x5F, 0x73, 0x75, 0x70, 0x70, 0x6F, 0x72, 0x74, 0x2F, 0x73, 0x72, 0x63, 0x2F, 
0x65, 0x73, 0x70, 0x33, 0x32, 0x63, 0x36, 0x2F, 0x62, 0x6F, 0x6F, 0x74, 0x6C, 0x6F, 0x61, 0x64, 
0x65, 0x72, 0x5F, 0x65, 0x73, 0x70, 0x33, 0x32, 0x63, 0x36, 0x2E, 0x63, 0x00, 0x00, 0x00, 0x00, 
0x26, 0x5F, 0x64, 0x61, 0x74, 0x61, 0x5F, 0x73, 0x74, 0x61, 0x72, 0x74, 0x20, 0x3C, 0x3D, 0x20, 
0x26, 0x5F, 0x64, 0x61, 0x74, 0x61, 0x5F, 0x65, 0x6E, 0x64, 0x00, 0x00, 0x62, 0x6F, 0x6F, 0x74, 
0x2E, 0x65, 0x73, 0x70, 0x33, 0x32, 0x63, 0x36, 0x00, 0x00, 0x00, 0x00, 0x45, 0x20, 0x28, 0x25, 
0x6C, 0x75, 0x29, 0x20, 0x25, 0x73, 0x3A, 0x20, 0x66, 0x61, 0x69, 0x6C, 0x65, 0x64, 0x20, 0x77, 
0x68, 0x65, 0x6E, 0x20, 0x72, 0x75, 0x6E, 0x6E, 0x69, 0x6E, 0x67, 0x20, 0x58, 0x4D, 0x43, 0x20, 
0x73, 0x74, 0x61, 0x72, 0x74, 0x75, 0x70, 0x20, 0x66, 0x6C, 0x6F, 0x77, 0x2C, 0x20, 0x72, 0x65, 
0x62, 0x6F, 0x6F, 0x74, 0x21, 0x0A, 0x00, 0x00, 0x57, 0x20, 0x28, 0x25, 0x6C, 0x75, 0x29, 0x20, 
0x25, 0x73, 0x3A, 0x20, 0x50, 0x52, 0x4F, 0x20, 0x43, 0x50, 0x55, 0x20, 0x68, 0x61, 0x73, 0x20, 
0x62, 0x65, 0x65, 0x6E, 0x20, 0x72, 0x65, 0x73, 0x65, 0x74, 0x20, 0x62, 0x79, 0x20, 0x57, 0x44, 
0x54, 0x2E, 0x0A, 0x00, 0x62, 0x6F, 0x6F, 0x74, 0x5F, 0x63, 0x6F, 0x6D, 0x6D, 0x00, 0x00, 0x00, 
0x45, 0x20, 0x28, 0x25, 0x6C, 0x75, 0x29, 0x20, 0x25, 0x73, 0x3A, 0x20, 0x63, 0x68, 0x69, 0x70, 
0x20, 0x72, 0x65, 0x76, 0x69, 0x73, 0x69, 0x6F, 0x6E, 0x20, 0x63, 0x68, 0x65, 0x63, 0x6B, 0x20, 
0x66, 0x61, 0x69, 0x6C, 0x65, 0x64, 0x2E, 0x20, 0x52, 0x65, 0x71, 0x75, 0x69, 0x72, 0x65, 0x64, 
0x20, 0x3E, 0x3D, 0x20, 0x76, 0x25, 0x64, 0x2E, 0x25, 0x64, 0x2C, 0x20, 0x66, 0x6F, 0x75, 0x6E, 
0x64, 0x20, 0x76, 0x25, 0x64, 0x2E, 0x25, 0x64, 0x2E, 0x0A, 0x00, 0x00, 0x45, 0x20, 0x28, 0x25, 
0x6C, 0x75, 0x29, 0x20, 0x25, 0x73, 0x3A, 0x20, 0x63, 0x68, 0x69, 0x70, 0x20, 0x72, 0x65, 0x76, 
0x69, 0x73, 0x69, 0x6F, 0x6E, 0x20, 0x63, 0x68, 0x65, 0x63, 0x6B, 0x20, 0x66, 0x61, 0x69, 0x6C, 
0x65, 0x64, 0x2E, 0x20, 0x52, 0x65, 0x71, 0x75, 0x69, 0x72, 0x65, 0x64, 0x20, 0x3C, 0x3D, 0x20, 
0x76, 0x25, 0x64, 0x2E, 0x25, 0x64, 0x2C, 0x20, 0x66, 0x6F, 0x75, 0x6E, 0x64, 0x20, 0x76, 0x25, 
0x64, 0x2E, 0x25, 0x64, 0x2E, 0x0A, 0x00, 0x00, 0x45, 0x20, 0x28, 0x25, 0x6C, 0x75, 0x29, 0x20, 
0x25, 0x73, 0x3A, 0x20, 0x49, 0x6D, 0x61, 0x67, 0x65, 0x20, 0x72, 0x65, 0x71, 0x75, 0x69, 0x72, 
0x65, 0x73, 0x20, 0x65, 0x66, 0x75, 0x73, 0x65, 0x20, 0x62, 0x6C, 0x6B, 0x20, 0x72, 0x65, 0x76, 
0x20, 0x3E, 0x3D, 0x20, 0x76, 0x25, 0x6C, 0x75, 0x2E, 0x25, 0x6C, 0x75, 0x2C, 0x20, 0x62, 0x75, 
0x74, 0x20, 0x63, 0x68, 0x69, 0x70, 0x20, 0x69, 0x73, 0x20, 0x76, 0x25, 0x6C, 0x75, 0x2E, 0x25, 
0x6C, 0x75, 0x0A, 0x00, 0x45, 0x20, 0x28, 0x25, 0x6C, 0x75, 0x29, 0x20, 0x25, 0x73, 0x3A, 0x20, 
0x49, 0x6D, 0x61, 0x67, 0x65, 0x20, 0x72, 0x65, 0x71, 0x75, 0x69, 0x72, 0x65, 0x73, 0x20, 0x65, 
0x66, 0x75, 0x73, 0x65, 0x20, 0x62, 0x6C, 0x6B, 0x20, 0x72, 0x65, 0x76, 0x20, 0x3C, 0x3D, 0x20, 
0x76, 0x25, 0x6C, 0x75, 0x2E, 0x25, 0x6C, 0x75, 0x2C, 0x20, 0x62, 0x75, 0x74, 0x20, 0x63, 0x68, 
0x69, 0x70, 0x20, 0x69, 0x73, 0x20, 0x76, 0x25, 0x6C, 0x75, 0x2E, 0x25, 0x6C, 0x75, 0x0A, 0x00, 
0x45, 0x20, 0x28, 0x25, 0x6C, 0x75, 0x29, 0x20, 0x25, 0x73, 0x3A, 0x20, 0x6D, 0x69, 0x73, 0x6D, 
0x61, 0x74, 0x63, 0x68, 0x20, 0x63, 0x68, 0x69, 0x70, 0x20, 0x49, 0x44, 0x2C, 0x20, 0x65, 0x78, 
0x70, 0x65, 0x63, 0x74, 0x65, 0x64, 0x20, 0x25, 0x64, 0x2C, 0x20, 0x66, 0x6F, 0x75, 0x6E, 0x64, 
0x20, 0x25, 0x64, 0x0A, 0x00, 0x00, 0x00, 0x00, 0x62, 0x75, 0x66, 0x66, 0x65, 0x72, 0x20, 0x21, 
0x3D, 0x20, 0x4E, 0x55, 0x4C, 0x4C, 0x00, 0x00, 0x2F, 0x2F, 0x49, 0x44, 0x46, 0x2F, 0x63, 0x6F, 
0x6D, 0x70, 0x6F, 0x6E, 0x65, 0x6E, 0x74, 0x73, 0x2F, 0x62, 0x6F, 0x6F, 0x74, 0x6C, 0x6F, 0x61, 
0x64, 0x65, 0x72, 0x5F, 0x73, 0x75, 0x70, 0x70, 0x6F, 0x72, 0x74, 0x2F, 0x73, 0x72, 0x63, 0x2F, 
0x62, 0x6F, 0x6F, 0x74, 0x6C, 0x6F, 0x61, 0x64, 0x65, 0x72, 0x5F, 0x72, 0x61, 0x6E, 0x64, 0x6F, 
0x6D, 0x2E, 0x63, 0x00, 0x62, 0x6F, 0x6F, 0x74, 0x6C, 0x6F, 0x61, 0x64, 0x65, 0x72, 0x5F, 0x66, 
0x6C, 0x61, 0x73, 0x68, 0x00, 0x00, 0x00, 0x00, 0x45, 0x20, 0x28, 0x25, 0x6C, 0x75, 0x29, 0x20, 
0x25, 0x73, 0x3A, 0x20, 0x74, 0x72, 0x69, 0x65, 0x64, 0x20, 0x74, 0x6F, 0x20, 0x62, 0x6F, 0x6F, 
0x74, 0x6C, 0x6F, 0x61, 0x64, 0x65, 0x72, 0x5F, 0x6D, 0x6D, 0x61, 0x70, 0x20, 0x74, 0x77, 0x69, 
0x63, 0x65, 0x0A, 0x00, 0x45, 0x20, 0x28, 0x25, 0x6C, 0x75, 0x29, 0x20, 0x25, 0x73, 0x3A, 0x20, 
0x62, 0x6F, 0x6F, 0x74, 0x6C, 0x6F, 0x61, 0x64, 0x65, 0x72, 0x5F, 0x6D, 0x6D, 0x61, 0x70, 0x20, 
0x65, 0x78, 0x63, 0x65, 0x73, 0x73, 0x20, 0x73, 0x69, 0x7A, 0x65, 0x20, 0x25, 0x6C, 0x78, 0x0A, 
0x00, 0x00, 0x00, 0x00, 0x45, 0x20, 0x28, 0x25, 0x6C, 0x75, 0x29, 0x20, 0x25, 0x73, 0x3A, 0x20, 
0x76, 0x61, 0x64, 0x64, 0x72, 0x20, 0x6E, 0x6F, 0x74, 0x20, 0x76, 0x61, 0x6C, 0x69, 0x64, 0x0A, 
0x00, 0x00, 0x00, 0x00, 0x45, 0x20, 0x28, 0x25, 0x6C, 0x75, 0x29, 0x20, 0x25, 0x73, 0x3A, 0x20, 
0x62, 0x6F, 0x6F, 0x74, 0x6C, 0x6F, 0x61, 0x64, 0x65, 0x72, 0x5F, 0x66, 0x6C, 0x61, 0x73, 0x68, 
0x5F, 0x72, 0x65, 0x61, 0x64, 0x20, 0x73, 0x72, 0x63, 0x5F, 0x61, 0x64, 0x64, 0x72, 0x20, 0x30, 
0x78, 0x25, 0x78, 0x20, 0x6E, 0x6F, 0x74, 0x20, 0x34, 0x2D, 0x62, 0x79, 0x74, 0x65, 0x20, 0x61, 
0x6C, 0x69, 0x67, 0x6E, 0x65, 0x64, 0x0A, 0x00, 0x45, 0x20, 0x28, 0x25, 0x6C, 0x75, 0x29, 0x20, 
0x25, 0x73, 0x3A, 0x20, 0x62, 0x6F, 0x6F, 0x74, 0x6C, 0x6F, 0x61, 0x64, 0x65, 0x72, 0x5F, 0x66, 
0x6C, 0x61, 0x73, 0x68, 0x5F, 0x72, 0x65, 0x61, 0x64, 0x20, 0x73, 0x69, 0x7A, 0x65, 0x20, 0x30, 
0x78, 0x25, 0x78, 0x20, 0x6E, 0x6F, 0x74, 0x20, 0x34, 0x2D, 0x62, 0x79, 0x74, 0x65, 0x20, 0x61, 
0x6C, 0x69, 0x67, 0x6E, 0x65, 0x64, 0x0A, 0x00, 0x45, 0x20, 0x28, 0x25, 0x6C, 0x75, 0x29, 0x20, 
0x25, 0x73, 0x3A, 0x20, 0x62, 0x6F, 0x6F, 0x74, 0x6C, 0x6F, 0x61, 0x64, 0x65, 0x72, 0x5F, 0x66, 
0x6C, 0x61, 0x73, 0x68, 0x5F, 0x72, 0x65, 0x61, 0x64, 0x20, 0x64, 0x65, 0x73, 0x74, 0x20, 0x30, 
0x78, 0x25, 0x78, 0x20, 0x6E, 0x6F, 0x74, 0x20, 0x34, 0x2D, 0x62, 0x79, 0x74, 0x65, 0x20, 0x61, 
0x6C, 0x69, 0x67, 0x6E, 0x65, 0x64, 0x0A, 0x00, 0x6D, 0x6F, 0x73, 0x69, 0x5F, 0x6C, 0x65, 0x6E, 
0x20, 0x3C, 0x3D, 0x20, 0x33, 0x32, 0x00, 0x00, 0x2F, 0x2F, 0x49, 0x44, 0x46, 0x2F, 0x63, 0x6F, 
0x6D, 0x70, 0x6F, 0x6E, 0x65, 0x6E, 0x74, 0x73, 0x2F, 0x62, 0x6F, 0x6F, 0x74, 0x6C, 0x6F, 0x61, 
0x64, 0x65, 0x72, 0x5F, 0x73, 0x75, 0x70, 0x70, 0x6F, 0x72, 0x74, 0x2F, 0x62, 0x6F, 0x6F, 0x74, 
0x6C, 0x6F, 0x61, 0x64, 0x65, 0x72, 0x5F, 0x66, 0x6C, 0x61, 0x73, 0x68, 0x2F, 0x73, 0x72, 0x63, 
0x2F, 0x62, 0x6F, 0x6F, 0x74, 0x6C, 0x6F, 0x61, 0x64, 0x65, 0x72, 0x5F, 0x66, 0x6C, 0x61, 0x73, 
0x68, 0x2E, 0x63, 0x00, 0x6D, 0x69, 0x73, 0x6F, 0x5F, 0x6C, 0x65, 0x6E, 0x20, 0x3C, 0x3D, 0x20, 
0x33, 0x32, 0x00, 0x00, 0x6D, 0x69, 0x73, 0x6F, 0x5F, 0x62, 0x79, 0x74, 0x65, 0x5F, 0x6E, 0x75, 
0x6D, 0x20, 0x3C, 0x3D, 0x20, 0x34, 0x00, 0x00, 0x49, 0x20, 0x28, 0x25, 0x6C, 0x75, 0x29, 0x20, 
0x25, 0x73, 0x3A, 0x20, 0x58, 0x4D, 0x32, 0x35, 0x51, 0x48, 0x78, 0x78, 0x43, 0x20, 0x73, 0x74, 
0x61, 0x72, 0x74, 0x75, 0x70, 0x20, 0x66, 0x6C, 0x6F, 0x77, 0x0A, 0x00, 0x45, 0x20, 0x28, 0x25, 
0x6C, 0x75, 0x29, 0x20, 0x25, 0x73, 0x3A, 0x20, 0x58, 0x4D, 0x43, 0x20, 0x66, 0x6C, 0x61, 0x73, 
0x68, 0x20, 0x73, 0x74, 0x61, 0x72, 0x74, 0x75, 0x70, 0x20, 0x66, 0x61, 0x69, 0x6C, 0x0A, 0x00, 
0x45, 0x20, 0x28, 0x25, 0x6C, 0x75, 0x29, 0x20, 0x25, 0x73, 0x3A, 0x20, 0x62, 0x6F, 0x6F, 0x74, 
0x6C, 0x6F, 0x61, 0x64, 0x65, 0x72, 0x5F, 0x66, 0x6C, 0x61, 0x73, 0x68, 0x5F, 0x77, 0x72, 0x69, 
0x74, 0x65, 0x20, 0x64, 0x65, 0x73, 0x74, 0x5F, 0x61, 0x64, 0x64, 0x72, 0x20, 0x30, 0x78, 0x25, 
0x78, 0x20, 0x6E, 0x6F, 0x74, 0x20, 0x25, 0x64, 0x2D, 0x62, 0x79, 0x74, 0x65, 0x20, 0x61, 0x6C, 
0x69, 0x67, 0x6E, 0x65, 0x64, 0x0A, 0x00, 0x00, 0x45, 0x20, 0x28, 0x25, 0x6C, 0x75, 0x29, 0x20, 
0x25, 0x73, 0x3A, 0x20, 0x62, 0x6F, 0x6F, 0x74, 0x6C, 0x6F, 0x61, 0x64, 0x65, 0x72, 0x5F, 0x66, 
0x6C, 0x61, 0x73, 0x68, 0x5F, 0x77, 0x72, 0x69, 0x74, 0x65, 0x20, 0x73, 0x69, 0x7A, 0x65, 0x20, 
0x30, 0x78, 0x25, 0x78, 0x20, 0x6E, 0x6F, 0x74, 0x20, 0x25, 0x64, 0x2D, 0x62, 0x79, 0x74, 0x65, 
0x20, 0x61, 0x6C, 0x69, 0x67, 0x6E, 0x65, 0x64, 0x0A, 0x00, 0x00, 0x00, 0x45, 0x20, 0x28, 0x25, 
0x6C, 0x75, 0x29, 0x20, 0x25, 0x73, 0x3A, 0x20, 0x62, 0x6F, 0x6F, 0x74, 0x6C, 0x6F, 0x61, 0x64, 
0x65, 0x72, 0x5F, 0x66, 0x6C, 0x61, 0x73, 0x68, 0x5F, 0x77, 0x72, 0x69, 0x74, 0x65, 0x20, 0x73, 
0x72, 0x63, 0x20, 0x30, 0x78, 0x25, 0x78, 0x20, 0x6E, 0x6F, 0x74, 0x20, 0x34, 0x20, 0x62, 0x79, 
0x74, 0x65, 0x20, 0x61, 0x6C, 0x69, 0x67, 0x6E, 0x65, 0x64, 0x0A, 0x00, 0x51, 0x4F, 0x55, 0x54, 
0x00, 0x00, 0x00, 0x00, 0x51, 0x49, 0x4F, 0x00, 0x44, 0x49, 0x4F, 0x00, 0x44, 0x4F, 0x55, 0x54, 
0x00, 0x00, 0x00, 0x00, 0x46, 0x41, 0x53, 0x54, 0x20, 0x52, 0x45, 0x41, 0x44, 0x00, 0x00, 0x00, 
0x53, 0x4C, 0x4F, 0x57, 0x20, 0x52, 0x45, 0x41, 0x44, 0x00, 0x00, 0x00, 0x31, 0x4D, 0x42, 0x00, 
0x32, 0x4D, 0x42, 0x00, 0x34, 0x4D, 0x42, 0x00, 0x38, 0x4D, 0x42, 0x00, 0x31, 0x36, 0x4D, 0x42, 
0x00, 0x00, 0x00, 0x00, 0x38, 0x30, 0x4D, 0x48, 0x7A, 0x00, 0x00, 0x00, 0x49, 0x20, 0x28, 0x25, 
0x6C, 0x75, 0x29, 0x20, 0x25, 0x73, 0x3A, 0x20, 0x53, 0x50, 0x49, 0x20, 0x53, 0x70, 0x65, 0x65, 
0x64, 0x20, 0x20, 0x20, 0x20, 0x20, 0x20, 0x3A, 0x20, 0x25, 0x73, 0x0A, 0x00, 0x00, 0x00, 0x00, 
0x49, 0x20, 0x28, 0x25, 0x6C, 0x75, 0x29, 0x20, 0x25, 0x73, 0x3A, 0x20, 0x53, 0x50, 0x49, 0x20, 
0x4D, 0x6F, 0x64, 0x65, 0x20, 0x20, 0x20, 0x20, 0x20, 0x20, 0x20, 0x3A, 0x20, 0x25, 0x73, 0x0A, 
0x00, 0x00, 0x00, 0x00, 0x49, 0x20, 0x28, 0x25, 0x6C, 0x75, 0x29, 0x20, 0x25, 0x73, 0x3A, 0x20, 
0x53, 0x50, 0x49, 0x20, 0x46, 0x6C, 0x61, 0x73, 0x68, 0x20, 0x53, 0x69, 0x7A, 0x65, 0x20, 0x3A, 
0x20, 0x25, 0x73, 0x0A, 0x00, 0x00, 0x00, 0x00, 0x45, 0x20, 0x28, 0x25, 0x6C, 0x75, 0x29, 0x20, 
0x25, 0x73, 0x3A, 0x20, 0x66, 0x61, 0x69, 0x6C, 0x65, 0x64, 0x20, 0x74, 0x6F, 0x20, 0x6C, 0x6F, 
0x61, 0x64, 0x20, 0x62, 0x6F, 0x6F, 0x74, 0x6C, 0x6F, 0x61, 0x64, 0x65, 0x72, 0x20, 0x69, 0x6D, 
0x61, 0x67, 0x65, 0x20, 0x68, 0x65, 0x61, 0x64, 0x65, 0x72, 0x21, 0x0A, 0x00, 0x00, 0x00, 0x00, 
0x49, 0x20, 0x28, 0x25, 0x6C, 0x75, 0x29, 0x20, 0x25, 0x73, 0x3A, 0x20, 0x63, 0x68, 0x69, 0x70, 
0x20, 0x72, 0x65, 0x76, 0x69, 0x73, 0x69, 0x6F, 0x6E, 0x3A, 0x20, 0x76, 0x25, 0x64, 0x2E, 0x25, 
0x64, 0x0A, 0x00, 0x00, 0x49, 0x20, 0x28, 0x25, 0x6C, 0x75, 0x29, 0x20, 0x25, 0x73, 0x3A, 0x20, 
0x65, 0x66, 0x75, 0x73, 0x65, 0x20, 0x62, 0x6C, 0x6F, 0x63, 0x6B, 0x20, 0x72, 0x65, 0x76, 0x69, 
0x73, 0x69, 0x6F, 0x6E, 0x3A, 0x20, 0x76, 0x25, 0x64, 0x2E, 0x25, 0x64, 0x0A, 0x00, 0x00, 0x00, 
0x49, 0x20, 0x28, 0x25, 0x6C, 0x75, 0x29, 0x20, 0x25, 0x73, 0x3A, 0x20, 0x45, 0x6E, 0x61, 0x62, 
0x6C, 0x69, 0x6E, 0x67, 0x20, 0x52, 0x4E, 0x47, 0x20, 0x65, 0x61, 0x72, 0x6C, 0x79, 0x20, 0x65, 
0x6E, 0x74, 0x72, 0x6F, 0x70, 0x79, 0x20, 0x73, 0x6F, 0x75, 0x72, 0x63, 0x65, 0x2E, 0x2E, 0x2E, 
0x0A, 0x00, 0x00, 0x00, 0x49, 0x20, 0x28, 0x25, 0x6C, 0x75, 0x29, 0x20, 0x25, 0x73, 0x3A, 0x20, 
0x45, 0x53, 0x50, 0x2D, 0x49, 0x44, 0x46, 0x20, 0x25, 0x73, 0x20, 0x32, 0x6E, 0x64, 0x20, 0x73, 
0x74, 0x61, 0x67, 0x65, 0x20, 0x62, 0x6F, 0x6F, 0x74, 0x6C, 0x6F, 0x61, 0x64, 0x65, 0x72, 0x0A, 
0x00, 0x00, 0x00, 0x00, 0x49, 0x20, 0x28, 0x25, 0x6C, 0x75, 0x29, 0x20, 0x25, 0x73, 0x3A, 0x20, 
0x63, 0x6F, 0x6D, 0x70, 0x69, 0x6C, 0x65, 0x20, 0x74, 0x69, 0x6D, 0x65, 0x20, 0x25, 0x73, 0x0A, 
0x00, 0x00, 0x00, 0x00, 0x72, 0x74, 0x63, 0x5F, 0x63, 0x6C, 0x6B, 0x5F, 0x69, 0x6E, 0x69, 0x74, 
0x00, 0x00, 0x00, 0x00, 0x45, 0x20, 0x28, 0x25, 0x6C, 0x75, 0x29, 0x20, 0x25, 0x73, 0x3A, 0x20, 
0x69, 0x6E, 0x76, 0x61, 0x6C, 0x69, 0x64, 0x20, 0x43, 0x50, 0x55, 0x20, 0x66, 0x72, 0x65, 0x71, 
0x75, 0x65, 0x6E, 0x63, 0x79, 0x20, 0x76, 0x61, 0x6C, 0x75, 0x65, 0x0A, 0x00, 0x00, 0x00, 0x00, 
0x72, 0x74, 0x63, 0x5F, 0x63, 0x6C, 0x6B, 0x00, 0x57, 0x20, 0x28, 0x25, 0x6C, 0x75, 0x29, 0x20, 
0x25, 0x73, 0x3A, 0x20, 0x69, 0x6E, 0x76, 0x61, 0x6C, 0x69, 0x64, 0x20, 0x52, 0x54, 0x43, 0x5F, 
0x58, 0x54, 0x41, 0x4C, 0x5F, 0x46, 0x52, 0x45, 0x51, 0x5F, 0x52, 0x45, 0x47, 0x20, 0x76, 0x61, 
0x6C, 0x75, 0x65, 0x2C, 0x20, 0x61, 0x73, 0x73, 0x75, 0x6D, 0x65, 0x20, 0x34, 0x30, 0x4D, 0x48, 
0x7A, 0x0A, 0x00, 0x00, 0x45, 0x20, 0x28, 0x25, 0x6C, 0x75, 0x29, 0x20, 0x25, 0x73, 0x3A, 0x20, 
0x75, 0x6E, 0x73, 0x75, 0x70, 0x70, 0x6F, 0x72, 0x74, 0x65, 0x64, 0x20, 0x66, 0x72, 0x65, 0x71, 
0x75, 0x65, 0x6E, 0x63, 0x79, 0x20, 0x63, 0x6F, 0x6E, 0x66, 0x69, 0x67, 0x75, 0x72, 0x61, 0x74, 
0x69, 0x6F, 0x6E, 0x0A, 0x00, 0x00, 0x00, 0x00, 0x45, 0x20, 0x28, 0x25, 0x6C, 0x75, 0x29, 0x20, 
0x25, 0x73, 0x3A, 0x20, 0x49, 0x6E, 0x76, 0x61, 0x6C, 0x69, 0x64, 0x20, 0x53, 0x4F, 0x43, 0x5F, 
0x52, 0x4F, 0x4F, 0x54, 0x5F, 0x43, 0x4C, 0x4B, 0x0A, 0x00, 0x00, 0x00, 0x72, 0x65, 0x67, 0x69, 
0x32, 0x63, 0x5F, 0x63, 0x74, 0x72, 0x6C, 0x5F, 0x6C, 0x6C, 0x5F, 0x6D, 0x61, 0x73, 0x74, 0x65, 
0x72, 0x5F, 0x69, 0x73, 0x5F, 0x63, 0x6C, 0x6F, 0x63, 0x6B, 0x5F, 0x65, 0x6E, 0x61, 0x62, 0x6C, 
0x65, 0x64, 0x28, 0x29, 0x00, 0x00, 0x00, 0x00, 0x2F, 0x2F, 0x49, 0x44, 0x46, 0x2F, 0x63, 0x6F, 
0x6D, 0x70, 0x6F, 0x6E, 0x65, 0x6E, 0x74, 0x73, 0x2F, 0x65, 0x73, 0x70, 0x5F, 0x72, 0x6F, 0x6D, 
0x2F, 0x70, 0x61, 0x74, 0x63, 0x68, 0x65, 0x73, 0x2F, 0x65, 0x73, 0x70, 0x5F, 0x72, 0x6F, 0x6D, 
0x5F, 0x68, 0x70, 0x5F, 0x72, 0x65, 0x67, 0x69, 0x32, 0x63, 0x5F, 0x65, 0x73, 0x70, 0x33, 0x32, 
0x63, 0x36, 0x2E, 0x63, 0x00, 0x00, 0x00, 0x00, 0x6D, 0x73, 0x62, 0x20, 0x2D, 0x20, 0x6C, 0x73, 
0x62, 0x20, 0x3C, 0x20, 0x38, 0x00, 0x00, 0x00, 0x75, 0x6E, 0x70, 0x61, 0x63, 0x6B, 0x5F, 0x6C, 
0x6F, 0x61, 0x64, 0x5F, 0x61, 0x70, 0x70, 0x00, 0x62, 0x6F, 0x6F, 0x74, 0x6C, 0x6F, 0x61, 0x64, 
0x65, 0x72, 0x5F, 0x75, 0x74, 0x69, 0x6C, 0x5F, 0x72, 0x65, 0x67, 0x69, 0x6F, 0x6E, 0x73, 0x5F, 
0x6F, 0x76, 0x65, 0x72, 0x6C, 0x61, 0x70, 0x00, 0x76, 0x65, 0x72, 0x69, 0x66, 0x79, 0x5F, 0x6C, 
0x6F, 0x61, 0x64, 0x5F, 0x61, 0x64, 0x64, 0x72, 0x65, 0x73, 0x73, 0x65, 0x73, 0x00, 0x00, 0x00, 
0x62, 0x6F, 0x6F, 0x74, 0x6C, 0x6F, 0x61, 0x64, 0x65, 0x72, 0x5F, 0x73, 0x68, 0x61, 0x32, 0x35, 
0x36, 0x5F, 0x66, 0x69, 0x6E, 0x69, 0x73, 0x68, 0x00, 0x00, 0x00, 0x00, 0x62, 0x6F, 0x6F, 0x74, 
0x6C, 0x6F, 0x61, 0x64, 0x65, 0x72, 0x5F, 0x73, 0x68, 0x61, 0x32, 0x35, 0x36, 0x5F, 0x64, 0x61, 
0x74, 0x61, 0x00, 0x00, 0x62, 0x6F, 0x6F, 0x74, 0x6C, 0x6F, 0x61, 0x64, 0x65, 0x72, 0x5F, 0x61, 
0x6E, 0x61, 0x5F, 0x73, 0x75, 0x70, 0x65, 0x72, 0x5F, 0x77, 0x64, 0x74, 0x5F, 0x72, 0x65, 0x73, 
0x65, 0x74, 0x5F, 0x63, 0x6F, 0x6E, 0x66, 0x69, 0x67, 0x00, 0x00, 0x00, 0x62, 0x6F, 0x6F, 0x74, 
0x6C, 0x6F, 0x61, 0x64, 0x65, 0x72, 0x5F, 0x69, 0x6E, 0x69, 0x74, 0x00, 0x62, 0x6F, 0x6F, 0x74, 
0x6C, 0x6F, 0x61, 0x64, 0x65, 0x72, 0x5F, 0x66, 0x69, 0x6C, 0x6C, 0x5F, 0x72, 0x61, 0x6E, 0x64, 
0x6F, 0x6D, 0x00, 0x00, 0x62, 0x6F, 0x6F, 0x74, 0x6C, 0x6F, 0x61, 0x64, 0x65, 0x72, 0x5F, 0x66, 
0x6C, 0x61, 0x73, 0x68, 0x5F, 0x65, 0x78, 0x65, 0x63, 0x75, 0x74, 0x65, 0x5F, 0x63, 0x6F, 0x6D, 
0x6D, 0x61, 0x6E, 0x64, 0x5F, 0x63, 0x6F, 0x6D, 0x6D, 0x6F, 0x6E, 0x00, 0x72, 0x65, 0x67, 0x69, 
0x32, 0x63, 0x5F, 0x77, 0x72, 0x69, 0x74, 0x65, 0x5F, 0x6D, 0x61, 0x73, 0x6B, 0x5F, 0x69, 0x6D, 
0x70, 0x6C, 0x00, 0x00, 0x72, 0x65, 0x67, 0x69, 0x32, 0x63, 0x5F, 0x65, 0x6E, 0x61, 0x62, 0x6C, 
0x65, 0x5F, 0x62, 0x6C, 0x6F, 0x63, 0x6B, 0x00, 0x10, 0xB9, 0x86, 0x40, 0x14, 0x0F, 0x00, 0x00, 
0x37, 0x55, 0x87, 0x40, 0x13, 0x05, 0x05, 0x73, 0x82, 0x80, 0x71, 0x71, 0x06, 0xD7, 0x22, 0xD5, 
0x93, 0x07, 0x00, 0x00, 0x89, 0xC7, 0x97, 0x00, 0x00, 0x00, 0xE7, 0x00, 0x00, 0x00, 0xBD, 0x20, 
0x25, 0xE5, 0x93, 0x07, 0x00, 0x00, 0x89, 0xC7, 0x97, 0x00, 0x00, 0x00, 0xE7, 0x00, 0x00, 0x00, 
0x0A, 0x85, 0x13, 0x06, 0x00, 0x0A, 0x81, 0x45, 0x97, 0x50, 0x79, 0xFF, 0xE7, 0x80, 0x00, 0xB6, 
0x0A, 0x85, 0xEF, 0x40, 0x20, 0x51, 0x15, 0xC1, 0x0A, 0x85, 0xEF, 0x40, 0xE0, 0x7A, 0x93, 0x07, 
0xD0, 0xF9, 0x2A, 0x84, 0x63, 0x0A, 0xF5, 0x02, 0x01, 0x45, 0x97, 0x40, 0x79, 0xFF, 0xE7, 0x80, 
0xE0, 0x6A, 0xA2, 0x85, 0x0A, 0x85, 0xEF, 0x40, 0xB0, 0x0F, 0xEF, 0x30, 0x00, 0x57, 0xAA, 0x85, 
0x37, 0x56, 0x87, 0x40, 0x37, 0x55, 0x87, 0x40, 0x13, 0x06, 0x06, 0x7D, 0x13, 0x05, 0x85, 0x7D, 
0x97, 0x40, 0x79, 0xFF, 0xE7, 0x80, 0x80, 0x69, 0xEF, 0x40, 0xD0, 0x0B, 0x37, 0x67, 0x09, 0x60, 
0x13, 0x07, 0x07, 0x00, 0x5C, 0x4F, 0x01, 0x11, 0xC1, 0x76, 0x3E, 0xC6, 0xB2, 0x47, 0x93, 0x86, 
0xF6, 0x0F, 0x06, 0xCE, 0xF5, 0x8F, 0x93, 0xE7, 0x07, 0x50, 0x3E, 0xC6, 0xB2, 0x47, 0x22, 0xCC, 
0x81, 0x45, 0x05, 0x45, 0x5C, 0xCF, 0x97, 0x40, 0x79, 0xFF, 0xE7, 0x80, 0x20, 0x7B, 0x85, 0x45, 
0x2E, 0x85, 0x97, 0x40, 0x79, 0xFF, 0xE7, 0x80, 0x60, 0x7A, 0x85, 0x45, 0x01, 0x45, 0x97, 0x40, 
0x79, 0xFF, 0xE7, 0x80, 0x20, 0x7F, 0x85, 0x45, 0x2E, 0x85, 0x97, 0x40, 0x79, 0xFF, 0xE7, 0x80, 
0x60, 0x7E, 0xB7, 0xF7, 0x0A, 0x60, 0x93, 0x87, 0x07, 0x00, 0x98, 0x4F, 0x05, 0x45, 0x13, 0x67, 
0x47, 0x00, 0x98, 0xCF, 0x98, 0x4B, 0x49, 0x8F, 0x98, 0xCB, 0xEF, 0x40, 0xF0, 0x30, 0xB7, 0x37, 
0x0B, 0x60, 0x93, 0x87, 0x07, 0xC0, 0xD4, 0x47, 0xB7, 0x05, 0x00, 0x80, 0x37, 0x27, 0x0B, 0x60, 
0xF5, 0x9A, 0xD4, 0xC7, 0xD0, 0x43, 0xB7, 0x46, 0xD8, 0x50, 0x93, 0x86, 0x16, 0xAA, 0x4D, 0x8E, 
0xD0, 0xC3, 0x23, 0x20, 0xD7, 0xC2, 0x83, 0x26, 0xC7, 0xC1, 0x37, 0x06, 0x04, 0x00, 0xD1, 0x8E, 
0x23, 0x2E, 0xD7, 0xC0, 0x23, 0x20, 0x07, 0xC2, 0x59, 0x24, 0x37, 0x57, 0x87, 0x40, 0xB7, 0x57, 
0x87, 0x40, 0x13, 0x07, 0x07, 0x61, 0x93, 0x87, 0x87, 0x72, 0x63, 0xED, 0xE7, 0x0E, 0x37, 0x57, 
0x87, 0x40, 0xB7, 0x57, 0x87, 0x40, 0x13, 0x07, 0x07, 0x73, 0x93, 0x87, 0x87, 0x78, 0x63, 0xE3, 
0xE7, 0x0C, 0xA9, 0x29, 0x01, 0x22, 0xBD, 0x2D, 0x1D, 0x25, 0xEF, 0x50, 0x90, 0x29, 0xEF, 0x50, 
0xB0, 0x02, 0xB9, 0x24, 0xEF, 0x30, 0x80, 0x00, 0x2A, 0x84, 0x2D, 0xE1, 0x8D, 0x21, 0x2A, 0x84, 
0x11, 0xC5, 0xF2, 0x40, 0x22, 0x85, 0x62, 0x44, 0x05, 0x61, 0x82, 0x80, 0x49, 0x29, 0x2A, 0x84, 
0x6D, 0xF9, 0xA9, 0x24, 0x2A, 0x84, 0x75, 0xF5, 0x97, 0x40, 0x79, 0xFF, 0xE7, 0x80, 0x00, 0x57, 
0x65, 0x15, 0xA9, 0x47, 0x63, 0xE8, 0xA7, 0x00, 0x93, 0x07, 0x70, 0x45, 0xB3, 0xD7, 0xA7, 0x00, 
0x85, 0x8B, 0xA9, 0xEB, 0xB7, 0x67, 0x09, 0x60, 0x83, 0xA6, 0x07, 0x10, 0x37, 0x27, 0x0C, 0x60, 
0x0D, 0x46, 0x93, 0xE6, 0x16, 0x00, 0x23, 0xA0, 0xD7, 0x10, 0x83, 0xA6, 0x07, 0x10, 0xF5, 0x9A, 
0x23, 0xA0, 0xD7, 0x10, 0x70, 0xC3, 0xD5, 0x21, 0x71, 0x23, 0x65, 0xB7, 0xEF, 0x30, 0xE0, 0x3F, 
0xAA, 0x85, 0x37, 0x66, 0x87, 0x40, 0x37, 0x65, 0x87, 0x40, 0x13, 0x06, 0xC6, 0x4E, 0x13, 0x05, 
0xC5, 0x4F, 0x97, 0x40, 0x79, 0xFF, 0xE7, 0x80, 0x60, 0x52, 0xF2, 0x40, 0x22, 0x85, 0x62, 0x44, 
0x05, 0x61, 0x82, 0x80, 0xEF, 0x30, 0x60, 0x3D, 0xAA, 0x85, 0x37, 0x66, 0x87, 0x40, 0x37, 0x65, 
0x87, 0x40, 0x13, 0x06, 0xC6, 0x4E, 0x13, 0x05, 0x85, 0x53, 0x97, 0x40, 0x79, 0xFF, 0xE7, 0x80, 
0xE0, 0x4F, 0x49, 0xBF, 0xB7, 0x66, 0x87, 0x40, 0x37, 0x76, 0x87, 0x40, 0x37, 0x65, 0x87, 0x40, 
0x93, 0x86, 0x06, 0x4D, 0x13, 0x06, 0xC6, 0xDC, 0x13, 0x05, 0x85, 0x4B, 0x93, 0x05, 0xD0, 0x07, 
0xEF, 0x40, 0x70, 0x18, 0xB7, 0x66, 0x87, 0x40, 0x37, 0x76, 0x87, 0x40, 0x37, 0x65, 0x87, 0x40, 
0x93, 0x86, 0xC6, 0x46, 0x13, 0x06, 0xC6, 0xDC, 0x13, 0x05, 0x85, 0x4B, 0x93, 0x05, 0xC0, 0x07, 
0xEF, 0x40, 0x70, 0x16, 0x01, 0x11, 0x01, 0x45, 0x06, 0xCE, 0x97, 0x40, 0x79, 0xFF, 0xE7, 0x80, 
0xE0, 0x4F, 0x01, 0x45, 0x97, 0x40, 0x79, 0xFF, 0xE7, 0x80, 0x40, 0x49, 0xB1, 0x47, 0x63, 0x07, 
0xF5, 0x12, 0x22, 0xCC, 0xEF, 0x50, 0x30, 0x50, 0x32, 0x47, 0xA2, 0x46, 0x93, 0x17, 0x45, 0x01, 
0x37, 0x08, 0x70, 0x00, 0x95, 0x65, 0xB7, 0x08, 0x00, 0x80, 0x37, 0x26, 0x83, 0x57, 0xB3, 0xF7, 
0x07, 0x01, 0x93, 0x85, 0x85, 0x02, 0x33, 0x77, 0x17, 0x01, 0x13, 0x06, 0x06, 0x40, 0xB3, 0xF6, 
0x16, 0x01, 0xCD, 0x8F, 0x51, 0x8F, 0xD5, 0x8F, 0x3A, 0xC6, 0x3E, 0xC4, 0x37, 0x07, 0x40, 0x00, 
0xB3, 0xF7, 0x07, 0x01, 0x1D, 0x89, 0x63, 0x93, 0xE7, 0x00, 0x01, 0x45, 0xA2, 0x47, 0x37, 0x07, 
0x90, 0xFF, 0x7D, 0x17, 0xF9, 0x8F, 0x52, 0x05, 0xC9, 0x8F, 0x3E, 0xC4, 0xEF, 0x50, 0x70, 0x52, 
0xA2, 0x47, 0xB7, 0x06, 0xF4, 0xFF, 0xFD, 0x16, 0x13, 0x77, 0x35, 0x00, 0x4A, 0x07, 0xF5, 0x8F, 
0xD9, 0x8F, 0x37, 0x07, 0x0C, 0x00, 0x3E, 0xC4, 0xF9, 0x8F, 0x37, 0x07, 0x08, 0x00, 0x13, 0x74, 
0x35, 0x00, 0x63, 0x93, 0xE7, 0x00, 0x05, 0x44, 0xEF, 0x30, 0x00, 0x21, 0xB3, 0x37, 0xA0, 0x00, 
0xB3, 0x07, 0xF0, 0x40, 0x22, 0x45, 0x7D, 0x8C, 0xB7, 0x07, 0xF4, 0xFF, 0xFD, 0x17, 0xB2, 0x45, 
0x0D, 0x88, 0x4A, 0x04, 0x7D, 0x8D, 0x41, 0x8D, 0x2A, 0xC4, 0x81, 0x2F, 0x62, 0x44, 0xB7, 0x27, 
0x0B, 0x60, 0x83, 0xA6, 0xC7, 0xC2, 0x37, 0x06, 0x00, 0xC0, 0x7D, 0x16, 0xF1, 0x8E, 0x23, 0xA6, 
0xD7, 0xC2, 0x37, 0x37, 0x0B, 0x60, 0x83, 0x26, 0x87, 0xC2, 0xB7, 0x05, 0x00, 0x80, 0x13, 0x85, 
0xF5, 0xFF, 0xE9, 0x8E, 0x23, 0x24, 0xD7, 0xC2, 0x83, 0xA6, 0xC7, 0xC2, 0x37, 0x07, 0x0B, 0x60, 
0x37, 0x08, 0x00, 0x40, 0xE9, 0x8E, 0x23, 0xA6, 0xD7, 0xC2, 0x83, 0x26, 0x47, 0x16, 0xB7, 0x27, 
0x0B, 0x60, 0xF2, 0x40, 0xE9, 0x8E, 0x23, 0x22, 0xD7, 0x16, 0x03, 0x25, 0x47, 0x16, 0xB7, 0x36, 
0x0B, 0x60, 0x69, 0x8E, 0x23, 0x22, 0xC7, 0x16, 0x03, 0xA6, 0x07, 0xC3, 0x13, 0x87, 0xC6, 0xC2, 
0xB3, 0x66, 0x06, 0x01, 0x23, 0xA8, 0xD7, 0xC2, 0x14, 0x43, 0xCD, 0x8E, 0x14, 0xC3, 0x03, 0xA7, 
0x07, 0xC3, 0x4D, 0x8F, 0x23, 0xA8, 0xE7, 0xC2, 0x05, 0x61, 0x82, 0x80, 0xEF, 0x60, 0x80, 0x0A, 
0xB7, 0x67, 0x62, 0x02, 0x93, 0x87, 0xF7, 0x9F, 0xE3, 0xF5, 0xA7, 0xEC, 0x8D, 0xBF, 0x39, 0xA3, 
0x41, 0x11, 0xB7, 0x07, 0x88, 0x40, 0x22, 0xC4, 0x03, 0xA4, 0xC7, 0xFE, 0x06, 0xC6, 0xEF, 0x20, 
0x50, 0x57, 0xB2, 0x40, 0x08, 0xC0, 0x22, 0x44, 0x41, 0x01, 0x82, 0x80, 0x01, 0x11, 0x05, 0x45, 
0x06, 0xCE, 0x22, 0xCC, 0x26, 0xCA, 0x4E, 0xC6, 0x4A, 0xC8, 0xEF, 0x20, 0x70, 0x6A, 0x37, 0x27, 
0x00, 0x60, 0x14, 0x4F, 0xBA, 0x87, 0x01, 0x46, 0x93, 0xE6, 0x06, 0x0C, 0x14, 0xCF, 0x18, 0x4B, 
0x81, 0x46, 0x81, 0x45, 0x13, 0x77, 0xF7, 0xC1, 0x98, 0xCB, 0x98, 0x4B, 0x13, 0x05, 0xA0, 0x07, 
0xB7, 0x09, 0x88, 0x40, 0x01, 0x9B, 0x98, 0xCB, 0xEF, 0x20, 0xD0, 0x51, 0x03, 0xA5, 0xC9, 0xFE, 
0x37, 0x54, 0x87, 0x40, 0x13, 0x04, 0xC4, 0x70, 0x97, 0x40, 0x79, 0xFF, 0xE7, 0x80, 0x80, 0x3D, 
0xEF, 0x20, 0xF0, 0x33, 0x83, 0x47, 0x34, 0x00, 0xB7, 0x64, 0x87, 0x40, 0x93, 0xE7, 0xF7, 0x00, 
0xA3, 0x01, 0xF4, 0x00, 0xEF, 0x30, 0x60, 0x19, 0xAA, 0x85, 0xB7, 0x76, 0x87, 0x40, 0x37, 0x75, 
0x87, 0x40, 0x93, 0x86, 0x46, 0xA5, 0x13, 0x86, 0xC4, 0x4E, 0x13, 0x05, 0xC5, 0xA5, 0x97, 0x40, 
0x79, 0xFF, 0xE7, 0x80, 0xA0, 0x2B, 0xEF, 0x30, 0xB0, 0x0D, 0x89, 0x47, 0x63, 0x03, 0xF5, 0x14, 
0x63, 0xFD, 0xA7, 0x00, 0x8D, 0x47, 0x63, 0x09, 0xF5, 0x12, 0x91, 0x47, 0x63, 0x17, 0xF5, 0x10, 
0x37, 0x79, 0x87, 0x40, 0x13, 0x09, 0x49, 0xA2, 0x39, 0xA0, 0x63, 0x0A, 0x05, 0x10, 0x37, 0x79, 
0x87, 0x40, 0x13, 0x09, 0xC9, 0xA0, 0xEF, 0x30, 0x40, 0x14, 0xAA, 0x85, 0x37, 0x75, 0x87, 0x40, 
0xCA, 0x86, 0x13, 0x86, 0xC4, 0x4E, 0x13, 0x05, 0x05, 0xA8, 0x97, 0x40, 0x79, 0xFF, 0xE7, 0x80, 
0xE0, 0x26, 0x83, 0x47, 0x34, 0x00, 0x0D, 0x47, 0x91, 0x83, 0x63, 0x85, 0xE7, 0x02, 0x63, 0x6B, 
0xF7, 0x00, 0xE9, 0xCB, 0x09, 0x47, 0x63, 0x9D, 0xE7, 0x0A, 0x37, 0x79, 0x87, 0x40, 0x13, 0x09, 
0x49, 0xA4, 0x29, 0xA8, 0x11, 0x47, 0x63, 0x95, 0xE7, 0x0A, 0x37, 0x79, 0x87, 0x40, 0x13, 0x09, 
0xC9, 0xA4, 0x29, 0xA0, 0x37, 0x79, 0x87, 0x40, 0x13, 0x09, 0x89, 0xA4, 0xEF, 0x30, 0xE0, 0x0E, 
0xAA, 0x85, 0x37, 0x75, 0x87, 0x40, 0xCA, 0x86, 0x13, 0x86, 0xC4, 0x4E, 0x13, 0x05, 0x45, 0xAA, 
0x97, 0x40, 0x79, 0xFF, 0xE7, 0x80, 0x80, 0x21, 0x89, 0x45, 0x05, 0x45, 0xEF, 0x50, 0xE0, 0x73, 
0x83, 0x47, 0x34, 0x00, 0x0D, 0x47, 0x91, 0x83, 0x63, 0x81, 0xE7, 0x06, 0x63, 0x67, 0xF7, 0x04, 
0xB7, 0x05, 0x10, 0x00, 0x81, 0xCB, 0x09, 0x47, 0xB7, 0x05, 0x20, 0x00, 0x63, 0x94, 0xE7, 0x00, 
0xB7, 0x05, 0x40, 0x00, 0x83, 0xA7, 0xC9, 0xFE, 0x41, 0x66, 0x13, 0x07, 0x00, 0x10, 0x88, 0x43, 
0x85, 0x66, 0x93, 0x07, 0xF6, 0xFF, 0x97, 0x40, 0x79, 0xFF, 0xE7, 0x80, 0xA0, 0x30, 0x05, 0x45, 
0x89, 0x45, 0xEF, 0x50, 0x80, 0x75, 0xEF, 0x30, 0x80, 0x7D, 0xF2, 0x40, 0x62, 0x44, 0xD2, 0x44, 
0x42, 0x49, 0xB2, 0x49, 0x01, 0x45, 0x05, 0x61, 0x82, 0x80, 0x11, 0x47, 0xB7, 0x05, 0x20, 0x00, 
0xE3, 0x92, 0xE7, 0xFC, 0xB7, 0x05, 0x00, 0x01, 0x75, 0xBF, 0xB7, 0x05, 0x80, 0x00, 0x5D, 0xBF, 
0x37, 0x79, 0x87, 0x40, 0x13, 0x09, 0x09, 0xA4, 0x95, 0xB7, 0x37, 0x79, 0x87, 0x40, 0x13, 0x09, 
0x09, 0xA3, 0x11, 0xB7, 0x37, 0x79, 0x87, 0x40, 0x13, 0x09, 0xC9, 0xA3, 0x81, 0xBF, 0x37, 0x79, 
0x87, 0x40, 0x13, 0x09, 0x49, 0xA1, 0xC5, 0xBD, 0x37, 0x79, 0x87, 0x40, 0x13, 0x09, 0xC9, 0xA1, 
0xDD, 0xB5, 0x37, 0x79, 0x87, 0x40, 0x13, 0x09, 0x89, 0xA1, 0xF1, 0xBD, 0x37, 0x55, 0x87, 0x40, 
0xB7, 0x57, 0x87, 0x40, 0x13, 0x06, 0x05, 0x61, 0x93, 0x87, 0x87, 0x72, 0x33, 0x86, 0xC7, 0x40, 
0x13, 0x05, 0x05, 0x61, 0x81, 0x45, 0x17, 0x43, 0x79, 0xFF, 0x67, 0x00, 0x23, 0x5C, 0xB7, 0x55, 
0x87, 0x40, 0x41, 0x11, 0x93, 0x85, 0xC5, 0x70, 0x85, 0x46, 0x61, 0x46, 0x01, 0x45, 0x06, 0xC6, 
0xEF, 0x30, 0x60, 0x45, 0x01, 0xE5, 0xB2, 0x40, 0x41, 0x01, 0x82, 0x80, 0xEF, 0x20, 0xF0, 0x7D, 
0xAA, 0x85, 0x37, 0x56, 0x87, 0x40, 0x37, 0x75, 0x87, 0x40, 0x13, 0x06, 0x06, 0x7D, 0x13, 0x05, 
0x85, 0xAC, 0x97, 0x40, 0x79, 0xFF, 0xE7, 0x80, 0x60, 0x10, 0x7D, 0x55, 0xE9, 0xBF, 0x01, 0x11, 
0x06, 0xCE, 0x22, 0xCC, 0x26, 0xCA, 0x4A, 0xC8, 0x4E, 0xC6, 0x37, 0x84, 0xEB, 0x51, 0xEF, 0x20, 
0xB0, 0x6E, 0x2A, 0x89, 0x13, 0x04, 0xF4, 0x51, 0xEF, 0x20, 0x30, 0x7A, 0xB3, 0x36, 0x89, 0x02, 
0x93, 0x04, 0x40, 0x06, 0xAA, 0x85, 0xB7, 0x59, 0x87, 0x40, 0x37, 0x75, 0x87, 0x40, 0x13, 0x86, 
0x09, 0x7D, 0x13, 0x05, 0x05, 0xB0, 0x95, 0x82, 0x33, 0x87, 0x96, 0x02, 0x33, 0x07, 0xE9, 0x40, 
0x97, 0x40, 0x79, 0xFF, 0xE7, 0x80, 0x80, 0x0B, 0xEF, 0x20, 0xF0, 0x6C, 0x2A, 0x89, 0xEF, 0x20, 
0xD0, 0x76, 0xB3, 0x36, 0x89, 0x02, 0xAA, 0x85, 0x37, 0x75, 0x87, 0x40, 0x13, 0x86, 0x09, 0x7D, 
0x13, 0x05, 0x45, 0xB2, 0x95, 0x82, 0xB3, 0x84, 0x96, 0x02, 0x33, 0x07, 0x99, 0x40, 0x97, 0x40, 
0x79, 0xFF, 0xE7, 0x80, 0xA0, 0x08, 0x37, 0x55, 0x87, 0x40, 0x13, 0x05, 0xC5, 0x70, 0x81, 0x45, 
0xEF, 0x30, 0xC0, 0x21, 0xF2, 0x40, 0x62, 0x44, 0x33, 0x35, 0xA0, 0x00, 0xD2, 0x44, 0x42, 0x49, 
0xB2, 0x49, 0x33, 0x05, 0xA0, 0x40, 0x05, 0x61, 0x82, 0x80, 0x01, 0x11, 0xB7, 0x27, 0x0B, 0x60, 
0x93, 0x87, 0x07, 0xC0, 0x0A, 0x85, 0x06, 0xCE, 0x3E, 0xC2, 0x22, 0xCC, 0x02, 0xC0, 0x97, 0x40, 
0x79, 0xFF, 0xE7, 0x80, 0x20, 0x3C, 0x0A, 0x85, 0x81, 0x45, 0x97, 0x40, 0x79, 0xFF, 0xE7, 0x80, 
0xE0, 0x3C, 0x0A, 0x85, 0x97, 0x40, 0x79, 0xFF, 0xE7, 0x80, 0x00, 0x3B, 0x81, 0x46, 0x01, 0x46, 
0x81, 0x45, 0x0A, 0x85, 0xF5, 0x2B, 0xEF, 0x50, 0xF0, 0x0A, 0x2A, 0x84, 0x0A, 0x85, 0x97, 0x40, 
0x79, 0xFF, 0xE7, 0x80, 0x20, 0x39, 0x13, 0x16, 0x34, 0x00, 0x22, 0x96, 0x91, 0x46, 0x81, 0x45, 
0x0A, 0x85, 0x97, 0x40, 0x79, 0xFF, 0xE7, 0x80, 0xA0, 0x37, 0x0A, 0x85, 0x97, 0x40, 0x79, 0xFF, 
0xE7, 0x80, 0xC0, 0x37, 0x0A, 0x85, 0x97, 0x40, 0x79, 0xFF, 0xE7, 0x80, 0xE0, 0x36, 0xB7, 0x87, 
0x00, 0x60, 0x05, 0x47, 0x93, 0x87, 0x07, 0x00, 0x28, 0x00, 0x3A, 0xC4, 0x3E, 0xC6, 0x97, 0x40, 
0x79, 0xFF, 0xE7, 0x80, 0x20, 0x35, 0x28, 0x00, 0x81, 0x45, 0x97, 0x40, 0x79, 0xFF, 0xE7, 0x80, 
0xE0, 0x35, 0x28, 0x00, 0x97, 0x40, 0x79, 0xFF, 0xE7, 0x80, 0x00, 0x34, 0xF2, 0x40, 0x62, 0x44, 
0x05, 0x61, 0x82, 0x80, 0x41, 0x11, 0x06, 0xC6, 0xEF, 0x20, 0x30, 0x67, 0xAA, 0x85, 0x37, 0x56, 
0x87, 0x40, 0x37, 0x75, 0x87, 0x40, 0x13, 0x06, 0x06, 0x7D, 0x13, 0x05, 0x05, 0xB5, 0x97, 0x40, 
0x79, 0xFF, 0xE7, 0x80, 0xA0, 0xF9, 0xB2, 0x40, 0x41, 0x01, 0x6F, 0x30, 0xA0, 0x79, 0x41, 0x11, 
0x06, 0xC6, 0x22, 0xC4, 0x26, 0xC2, 0xEF, 0xF0, 0xBF, 0x86, 0x2A, 0x84, 0xEF, 0x20, 0xF0, 0x63, 
0xAA, 0x85, 0xB7, 0x54, 0x87, 0x40, 0x37, 0x75, 0x87, 0x40, 0x93, 0x06, 0x84, 0x00, 0x13, 0x86, 
0x04, 0x7D, 0x13, 0x05, 0x45, 0xB8, 0x97, 0x40, 0x79, 0xFF, 0xE7, 0x80, 0x20, 0xF6, 0xEF, 0x20, 
0xD0, 0x61, 0x93, 0x06, 0x84, 0x02, 0x22, 0x44, 0xB2, 0x40, 0x13, 0x86, 0x04, 0x7D, 0x92, 0x44, 
0xAA, 0x85, 0x37, 0x75, 0x87, 0x40, 0x13, 0x05, 0x45, 0xBB, 0x41, 0x01, 0x17, 0x43, 0x79, 0xFF, 
0x67, 0x00, 0xC3, 0xF3, 0x01, 0x11, 0x06, 0xCE, 0x22, 0xCC, 0x26, 0xCA, 0x97, 0x40, 0x79, 0xFF, 
0xE7, 0x80, 0x80, 0xF3, 0x01, 0x45, 0x97, 0x40, 0x79, 0xFF, 0xE7, 0x80, 0x20, 0xF7, 0xEF, 0x50, 
0x70, 0x45, 0xEF, 0x50, 0x30, 0x01, 0x37, 0x47, 0x0F, 0x00, 0x37, 0x04, 0x00, 0x60, 0xB7, 0x17, 
0x0B, 0x60, 0x13, 0x07, 0x07, 0x24, 0x13, 0x04, 0x04, 0x00, 0x93, 0x87, 0x07, 0x40, 0xB3, 0x04, 
0xE5, 0x02, 0x63, 0x03, 0xF4, 0x0A, 0x37, 0x45, 0x1E, 0x1C, 0x13, 0x05, 0xF5, 0xDF, 0x26, 0x95, 
0x37, 0x46, 0x1E, 0x1C, 0xB3, 0x35, 0x95, 0x00, 0x13, 0x06, 0x06, 0xE0, 0x81, 0x46, 0x97, 0x50, 
0x79, 0xFF, 0xE7, 0x80, 0xE0, 0x87, 0x93, 0x07, 0xF5, 0xFF, 0x13, 0x07, 0xF0, 0x0F, 0x63, 0x68, 
0xF7, 0x06, 0xF1, 0x66, 0x93, 0x86, 0x06, 0x20, 0xB3, 0x86, 0xA6, 0x02, 0x92, 0x04, 0x58, 0x48, 
0xB7, 0x15, 0xF0, 0xFF, 0x7D, 0x76, 0x71, 0x8F, 0x37, 0x05, 0x10, 0xFF, 0x7D, 0x15, 0x37, 0x66, 
0x09, 0x60, 0x13, 0x06, 0x06, 0x00, 0xB3, 0xD4, 0xD4, 0x02, 0x93, 0x86, 0xF5, 0xFF, 0x93, 0xF7, 
0xF7, 0x0F, 0xB2, 0x07, 0x93, 0x95, 0x04, 0x01, 0xD1, 0x81, 0x4D, 0x8F, 0x58, 0xC8, 0x58, 0x48, 
0xBD, 0x88, 0xD2, 0x04, 0x69, 0x8F, 0x45, 0x8F, 0x58, 0xC8, 0x58, 0x42, 0x3A, 0xC6, 0x32, 0x47, 
0x75, 0x8F, 0xD9, 0x8F, 0x3E, 0xC6, 0xB2, 0x47, 0x5C, 0xC2, 0x83, 0x27, 0x84, 0x09, 0x93, 0xE7, 
0x17, 0x00, 0x23, 0x2C, 0xF4, 0x08, 0x83, 0x27, 0x84, 0x09, 0x85, 0x8B, 0xED, 0xFF, 0xF2, 0x40, 
0x62, 0x44, 0xD2, 0x44, 0x05, 0x61, 0x82, 0x80, 0xEF, 0x40, 0xE0, 0x31, 0x41, 0x11, 0x06, 0xC6, 
0xB7, 0x07, 0x00, 0x08, 0x73, 0x90, 0x07, 0xBD, 0xB7, 0x07, 0x00, 0x60, 0x85, 0x07, 0x73, 0x90, 
0x07, 0xBC, 0x37, 0x07, 0x00, 0x0C, 0x73, 0x10, 0x17, 0xBD, 0x37, 0x07, 0x00, 0x20, 0x05, 0x07, 
0x73, 0x10, 0x17, 0xBC, 0x37, 0x06, 0x00, 0x10, 0x73, 0x10, 0x26, 0xBD, 0x73, 0x90, 0x27, 0xBC, 
0xB7, 0x46, 0x01, 0x10, 0x73, 0x90, 0x36, 0xBD, 0x73, 0x10, 0x37, 0xBC, 0xB7, 0x05, 0x20, 0x10, 
0x73, 0x90, 0x45, 0xBD, 0x73, 0x90, 0x47, 0xBC, 0xB7, 0x05, 0x22, 0x10, 0x73, 0x90, 0x55, 0xBD, 
0x73, 0x10, 0x57, 0xBC, 0xB7, 0x05, 0x80, 0x10, 0x73, 0x90, 0x65, 0xBD, 0x73, 0x90, 0x67, 0xBC, 
0xB7, 0x05, 0xC0, 0x10, 0x73, 0x90, 0x75, 0xBD, 0x73, 0x10, 0x77, 0xBC, 0xB7, 0x05, 0x00, 0x14, 
0x73, 0x90, 0x85, 0xBD, 0x73, 0x90, 0x87, 0xBC, 0xB7, 0x15, 0x00, 0x14, 0x73, 0x90, 0x95, 0xBD, 
0x73, 0x10, 0x97, 0xBC, 0xB7, 0x05, 0x00, 0x18, 0x73, 0x90, 0xA5, 0xBD, 0x73, 0x90, 0xA7, 0xBC, 
0xB7, 0x05, 0x04, 0x18, 0x73, 0x90, 0xB5, 0xBD, 0x73, 0x10, 0xB7, 0xBC, 0x37, 0x07, 0x00, 0x40, 
0x7D, 0x17, 0x73, 0x10, 0xC7, 0xBD, 0x73, 0x90, 0xC7, 0xBC, 0x73, 0x50, 0xD0, 0xBC, 0x73, 0x50, 
0xD0, 0xBD, 0x73, 0x50, 0xE0, 0xBC, 0x73, 0x50, 0xE0, 0xBD, 0x73, 0x50, 0xF0, 0xBC, 0x73, 0x50, 
0xF0, 0xBD, 0xB7, 0x07, 0x00, 0x0A, 0xFD, 0x17, 0x73, 0x90, 0x07, 0x3B, 0x93, 0x07, 0xF0, 0x09, 
0xF3, 0xA7, 0x07, 0x3A, 0x73, 0x10, 0x16, 0x3B, 0xA1, 0x67, 0xF3, 0xA7, 0x07, 0x3A, 0x73, 0x90, 
0x26, 0x3B, 0xB7, 0x07, 0x8D, 0x00, 0xF3, 0xA7, 0x07, 0x3A, 0xEF, 0x50, 0x70, 0x37, 0x21, 0xE9, 
0xB7, 0x07, 0x21, 0x10, 0xFD, 0x17, 0x73, 0x90, 0x57, 0x3B, 0x89, 0x67, 0x93, 0x87, 0x07, 0xF0, 
0xF3, 0xA7, 0x17, 0x3A, 0xB7, 0x07, 0xA0, 0x10, 0xFD, 0x17, 0x73, 0x90, 0x87, 0x3B, 0xF3, 0xE7, 
0x2E, 0x3A, 0xB7, 0x07, 0x00, 0x14, 0x93, 0x87, 0xF7, 0x7F, 0x73, 0x90, 0xB7, 0x3B, 0xB7, 0x07, 
0x00, 0x1F, 0xF3, 0xA7, 0x27, 0x3A, 0xB7, 0x07, 0x02, 0x18, 0xFD, 0x17, 0x73, 0x90, 0xF7, 0x3B, 
0xB7, 0x07, 0x00, 0x9B, 0xF3, 0xA7, 0x37, 0x3A, 0xB2, 0x40, 0x41, 0x01, 0x82, 0x80, 0xEF, 0x50, 
0x30, 0x32, 0x15, 0xC1, 0xEF, 0x50, 0xD0, 0x31, 0x1D, 0xC9, 0xEF, 0x50, 0x70, 0x31, 0x21, 0xC5, 
0xB7, 0x07, 0x21, 0x10, 0xFD, 0x17, 0x73, 0x90, 0x57, 0x3B, 0xA9, 0x67, 0x93, 0x87, 0x07, 0xF0, 
0xF3, 0xA7, 0x17, 0x3A, 0x45, 0xB7, 0x97, 0x40, 0x79, 0xFF, 0xE7, 0x80, 0xA0, 0xD4, 0x00, 0x00, 
0x00, 0x00, 0x00, 0x00, 0x00, 0x00, 0x00, 0x00, 0xEF, 0x50, 0x90, 0x2E, 0x79, 0xF5, 0x97, 0x40, 
0x79, 0xFF, 0xE7, 0x80, 0x20, 0xD3, 0x00, 0x00, 0x00, 0x00, 0x00, 0x00, 0x00, 0x00, 0x00, 0x00, 
0xEF, 0x50, 0x10, 0x2D, 0x55, 0xFD, 0x97, 0x40, 0x79, 0xFF, 0xE7, 0x80, 0xA0, 0xD1, 0x00, 0x00, 
0x00, 0x00, 0x00, 0x00, 0x00, 0x00, 0x00, 0x00, 0x65, 0xB7, 0x5D, 0x71, 0x37, 0x07, 0x0B, 0x60, 
0x86, 0xC6, 0xA2, 0xC4, 0xA6, 0xC2, 0x13, 0x07, 0x07, 0x00, 0x5C, 0x47, 0x37, 0x08, 0x00, 0x40, 
0x93, 0x06, 0xF8, 0xFF, 0x37, 0x03, 0x00, 0x80, 0xF5, 0x8F, 0xB3, 0xE7, 0x67, 0x00, 0x37, 0xA6, 
0x0A, 0x60, 0x5C, 0xC7, 0x13, 0x06, 0x06, 0x80, 0x54, 0x46, 0xB7, 0x08, 0x00, 0x10, 0x13, 0x8E, 
0xF8, 0xFF, 0xB3, 0xF6, 0xC6, 0x01, 0xB3, 0xE6, 0x06, 0x01, 0xB7, 0xF7, 0x0A, 0x60, 0x54, 0xC6, 
0x93, 0x87, 0x07, 0x00, 0x94, 0x53, 0x37, 0x06, 0x00, 0xF1, 0x7D, 0x16, 0xF1, 0x8E, 0x37, 0x06, 
0x00, 0x04, 0xD1, 0x8E, 0x94, 0xD3, 0x94, 0x53, 0x37, 0x06, 0x0B, 0x60, 0x37, 0x04, 0x40, 0x00, 
0xB3, 0xF6, 0xC6, 0x01, 0xB3, 0xE6, 0x06, 0x01, 0x94, 0xD3, 0x83, 0x27, 0xC7, 0x0D, 0x2E, 0xC6, 
0x7D, 0x14, 0xB3, 0xE7, 0x67, 0x00, 0x23, 0x2E, 0xF7, 0x0C, 0x83, 0x26, 0x07, 0x0D, 0xB2, 0x47, 
0xAD, 0x81, 0xB3, 0xE6, 0x16, 0x01, 0x23, 0x28, 0xD7, 0x0C, 0x03, 0x27, 0x86, 0x41, 0xDA, 0x05, 
0x2A, 0xC4, 0x61, 0x8F, 0xD9, 0x8D, 0x8D, 0x83, 0x23, 0x2C, 0xB6, 0x40, 0x93, 0xF7, 0xF7, 0x0F, 
0x01, 0x47, 0x9D, 0x46, 0x39, 0x46, 0x81, 0x45, 0x13, 0x05, 0xD0, 0x06, 0xEF, 0x20, 0xB0, 0x11, 
0xB2, 0x47, 0xB7, 0x06, 0x0B, 0x60, 0x03, 0xA6, 0xC6, 0x41, 0xD5, 0x83, 0xDA, 0x07, 0x61, 0x8E, 
0x1D, 0x47, 0xD1, 0x8F, 0x23, 0xAE, 0xF6, 0x40, 0x15, 0x46, 0xBA, 0x86, 0x85, 0x47, 0x81, 0x45, 
0x13, 0x05, 0xD0, 0x06, 0xEF, 0x20, 0x30, 0x0F, 0x1D, 0x47, 0x81, 0x45, 0xBA, 0x86, 0x3A, 0x86, 
0x85, 0x47, 0x13, 0x05, 0xD0, 0x06, 0xEF, 0x20, 0x10, 0x0E, 0x05, 0x22, 0x2A, 0x84, 0xB9, 0x22, 
0x37, 0x06, 0x0B, 0x60, 0x14, 0x56, 0x37, 0x07, 0x00, 0x08, 0x7D, 0x17, 0xF9, 0x8E, 0x93, 0x17, 
0xB4, 0x01, 0xDD, 0x8E, 0x14, 0xD6, 0x74, 0x4E, 0x03, 0x44, 0x81, 0x00, 0xF9, 0x8E, 0xD5, 0x8F, 
0x7C, 0xCE, 0x83, 0x27, 0xC6, 0x09, 0x93, 0x16, 0xB5, 0x01, 0x01, 0x45, 0xF9, 0x8F, 0xD5, 0x8F, 
0x23, 0x2E, 0xF6, 0x08, 0x97, 0x40, 0x79, 0xFF, 0xE7, 0x80, 0x40, 0xBC, 0x22, 0x85, 0xEF, 0x50, 
0x10, 0x08, 0x37, 0x67, 0x09, 0x60, 0x13, 0x07, 0x07, 0x00, 0x5C, 0x4F, 0xC1, 0x76, 0x93, 0x86, 
0xF6, 0x0F, 0x3E, 0xCE, 0xF2, 0x47, 0x08, 0x10, 0xF5, 0x8F, 0x93, 0xE7, 0x07, 0x50, 0x3E, 0xCE, 
0xF2, 0x47, 0x5C, 0xCF, 0xEF, 0x50, 0x40, 0x76, 0x22, 0x44, 0x0C, 0x18, 0xB2, 0x54, 0x21, 0x80, 
0x13, 0x74, 0xF4, 0x3F, 0x22, 0x85, 0xEF, 0x50, 0x80, 0x4A, 0x3D, 0xCD, 0x08, 0x18, 0xEF, 0x50, 
0x40, 0x52, 0x73, 0x25, 0x20, 0x7E, 0xB3, 0x35, 0x85, 0x02, 0x26, 0x86, 0x81, 0x46, 0x33, 0x05, 
0x85, 0x02, 0x97, 0x40, 0x79, 0xFF, 0xE7, 0x80, 0xA0, 0x4B, 0x73, 0x10, 0x25, 0x7E, 0xA2, 0x47, 
0xB7, 0x06, 0x70, 0x00, 0x37, 0x07, 0x10, 0x00, 0xF5, 0x8F, 0x63, 0x8C, 0xE7, 0x02, 0x37, 0x07, 
0x30, 0x00, 0x63, 0x8C, 0xE7, 0x02, 0x37, 0x07, 0x20, 0x00, 0x63, 0x8B, 0xE7, 0x02, 0x05, 0x45, 
0xEF, 0x50, 0xC0, 0x29, 0x22, 0x45, 0x49, 0x81, 0x0D, 0x89, 0xEF, 0x50, 0x60, 0x38, 0x22, 0x45, 
0x51, 0x81, 0x1D, 0x89, 0xEF, 0x50, 0x60, 0x2B, 0xB6, 0x40, 0x26, 0x44, 0x96, 0x44, 0x61, 0x61, 
0x82, 0x80, 0x05, 0x45, 0xEF, 0x50, 0x20, 0x1C, 0xD9, 0xBF, 0xEF, 0x50, 0xA0, 0x22, 0xC1, 0xBF, 
0x05, 0x45, 0xEF, 0x50, 0xC0, 0x23, 0xE1, 0xB7, 0xEF, 0x20, 0x30, 0x17, 0xAA, 0x85, 0x37, 0x76, 
0x87, 0x40, 0x37, 0x75, 0x87, 0x40, 0x13, 0x06, 0x46, 0xBD, 0x13, 0x05, 0x45, 0xBE, 0x97, 0x40, 
0x79, 0xFF, 0xE7, 0x80, 0xA0, 0xA9, 0xEF, 0x30, 0x10, 0x76, 0x41, 0x11, 0x06, 0xC6, 0xEF, 0x20, 
0x90, 0x0A, 0x09, 0x47, 0xE5, 0x47, 0x63, 0x7F, 0xA7, 0x00, 0x37, 0x17, 0x0B, 0x60, 0x13, 0x07, 
0x07, 0x80, 0x78, 0x47, 0x7D, 0x8B, 0x19, 0xC7, 0x93, 0x07, 0x27, 0x00, 0x7D, 0x47, 0x63, 0x73, 
0xF7, 0x00, 0xBA, 0x87, 0xB2, 0x40, 0x3E, 0x85, 0x41, 0x01, 0x82, 0x80, 0x41, 0x11, 0x06, 0xC6, 
0xEF, 0x20, 0x70, 0x07, 0x89, 0x47, 0x69, 0x47, 0x63, 0xF0, 0xA7, 0x02, 0xB7, 0x17, 0x0B, 0x60, 
0x93, 0x87, 0x07, 0x80, 0xFC, 0x47, 0x95, 0x83, 0xFD, 0x8B, 0x99, 0xC7, 0x13, 0x87, 0x27, 0x00, 
0xFD, 0x47, 0x63, 0xF3, 0xE7, 0x00, 0x3E, 0x87, 0xB2, 0x40, 0x3A, 0x85, 0x41, 0x01, 0x82, 0x80, 
0x41, 0x11, 0x85, 0x47, 0x23, 0x00, 0x05, 0x00, 0xA3, 0x00, 0x05, 0x00, 0x23, 0x01, 0x05, 0x00, 
0xA3, 0x01, 0x05, 0x00, 0x23, 0x02, 0x05, 0x00, 0xA3, 0x02, 0x05, 0x00, 0x23, 0x03, 0x05, 0x00, 
0xA3, 0x03, 0x05, 0x00, 0x63, 0x8C, 0xF5, 0x1A, 0x89, 0x47, 0x63, 0x8B, 0xF5, 0x0A, 0xB7, 0x27, 
0x0B, 0x60, 0x13, 0x87, 0x07, 0xC0, 0x0C, 0xC1, 0x58, 0xC1, 0x63, 0x96, 0x05, 0x1C, 0xB7, 0x47, 
0xD8, 0x50, 0x93, 0x87, 0x17, 0xAA, 0x1C, 0xCF, 0x1C, 0x43, 0x37, 0x05, 0x00, 0x80, 0x93, 0x05, 
0xF5, 0xFF, 0xED, 0x8F, 0x1C, 0xC3, 0x1C, 0x43, 0x37, 0x06, 0x00, 0x90, 0x7D, 0x16, 0xF1, 0x8F, 
0x1C, 0xC3, 0x1C, 0x43, 0x37, 0x06, 0x00, 0xF2, 0x7D, 0x16, 0xF1, 0x8F, 0x1C, 0xC3, 0x1C, 0x43, 
0x37, 0x06, 0x40, 0xFE, 0x7D, 0x16, 0xF1, 0x8F, 0x1C, 0xC3, 0x1C, 0x43, 0x37, 0x06, 0xC8, 0xFF, 
0x7D, 0x16, 0xF1, 0x8F, 0x1C, 0xC3, 0x1C, 0x43, 0xFE, 0x06, 0x05, 0x66, 0x3E, 0xC4, 0xA2, 0x47, 
0x13, 0x06, 0x06, 0x80, 0xB7, 0x08, 0x07, 0x00, 0x93, 0xF7, 0x07, 0xF0, 0x3E, 0xC4, 0xA2, 0x47, 
0x39, 0x68, 0x1C, 0xC3, 0x1C, 0x43, 0x93, 0xF7, 0xF7, 0xEF, 0x1C, 0xC3, 0x1C, 0x5B, 0xC9, 0x8F, 
0x1C, 0xDB, 0x5C, 0x57, 0xED, 0x8F, 0xDD, 0x8E, 0x54, 0xD7, 0x1C, 0x43, 0xD1, 0x8F, 0x1C, 0xC3, 
0x1C, 0x43, 0x93, 0xE7, 0x07, 0x20, 0x1C, 0xC3, 0x1C, 0x43, 0xB3, 0xE7, 0x17, 0x01, 0x1C, 0xC3, 
0x1C, 0x43, 0xB3, 0xE7, 0x07, 0x01, 0x1C, 0xC3, 0x23, 0x2C, 0x07, 0x00, 0x41, 0x01, 0x82, 0x80, 
0xB7, 0x97, 0x00, 0x60, 0x13, 0x88, 0x07, 0x00, 0x37, 0x87, 0x00, 0x60, 0x0C, 0xC1, 0x23, 0x22, 
0x05, 0x01, 0x93, 0x87, 0x07, 0x00, 0x13, 0x05, 0x07, 0x00, 0x37, 0x47, 0xD8, 0x50, 0x13, 0x07, 
0x17, 0xAA, 0xF8, 0xD3, 0xB8, 0x47, 0x37, 0x08, 0x00, 0xA0, 0x7D, 0x18, 0x06, 0x07, 0x05, 0x83, 
0xB8, 0xC7, 0xAC, 0x47, 0x37, 0x07, 0x40, 0x00, 0x37, 0x03, 0x00, 0xE8, 0xB3, 0xF5, 0x05, 0x01, 
0xAC, 0xC7, 0xAC, 0x47, 0x7D, 0x13, 0xB7, 0x08, 0x00, 0xFA, 0xD9, 0x8D, 0xAC, 0xC7, 0xAC, 0x47, 
0xFD, 0x18, 0x37, 0x08, 0x80, 0xFE, 0xB3, 0xF5, 0x65, 0x00, 0xAC, 0xC7, 0xAC, 0x47, 0x7D, 0x18, 
0x85, 0x8A, 0xD9, 0x8D, 0xAC, 0xC7, 0xAC, 0x47, 0x86, 0x06, 0x37, 0x03, 0x1C, 0x00, 0xB3, 0xF5, 
0x15, 0x01, 0xAC, 0xC7, 0xAC, 0x47, 0xB7, 0x88, 0x03, 0x00, 0xD9, 0x8D, 0xAC, 0xC7, 0xAC, 0x47, 
0xB3, 0xF5, 0x05, 0x01, 0xAC, 0xC7, 0xAC, 0x47, 0xD9, 0x8D, 0xAC, 0xC7, 0xEC, 0x5F, 0x93, 0xE5, 
0x25, 0x00, 0xEC, 0xDF, 0xAC, 0x5B, 0xF5, 0x99, 0xCD, 0x8E, 0xB4, 0xDB, 0xB4, 0x47, 0xB3, 0xE6, 
0x66, 0x00, 0xB4, 0xC7, 0xB4, 0x47, 0xD9, 0x8E, 0xB4, 0xC7, 0xB4, 0x47, 0xB3, 0xE6, 0x16, 0x01, 
0xB4, 0xC7, 0xB4, 0x47, 0xD9, 0x8E, 0xB4, 0xC7, 0xB7, 0x66, 0x09, 0x60, 0x93, 0x86, 0x06, 0x00, 
0x63, 0x89, 0xA7, 0x04, 0xAC, 0x4A, 0x37, 0x05, 0xD0, 0xFF, 0x7D, 0x15, 0xE9, 0x8D, 0xAC, 0xCA, 
0xAC, 0x4A, 0x4D, 0x8F, 0xB8, 0xCA, 0xF8, 0x47, 0x42, 0x06, 0xB7, 0x06, 0x40, 0x00, 0x3A, 0xC6, 
0x32, 0x47, 0x42, 0x07, 0x41, 0x83, 0x59, 0x8E, 0x32, 0xC6, 0x32, 0x47, 0xF8, 0xC7, 0xB8, 0x47, 
0x55, 0x8F, 0xB8, 0xC7, 0x23, 0xA2, 0x07, 0x06, 0x41, 0x01, 0x82, 0x80, 0xB7, 0x87, 0x00, 0x60, 
0x13, 0x87, 0x07, 0x00, 0x0C, 0xC1, 0x58, 0xC1, 0x13, 0x85, 0x07, 0x00, 0x93, 0x87, 0x07, 0x00, 
0x29, 0xB7, 0xEC, 0x42, 0x37, 0x05, 0xD0, 0xFF, 0x7D, 0x15, 0xE9, 0x8D, 0xEC, 0xC2, 0xEC, 0x42, 
0x4D, 0x8F, 0xF8, 0xC2, 0x4D, 0xBF, 0x37, 0x85, 0x00, 0x60, 0x93, 0x87, 0x07, 0xC0, 0x13, 0x05, 
0x05, 0x00, 0xE5, 0xB5, 0x00, 0x00, 0x00, 0x00, 0x00, 0x00, 0x00, 0x00, 0x00, 0x00, 0x00, 0x00, 
0x00, 0x00, 0x00, 0x00, 0x10, 0xE6, 0x86, 0x40, 0x3C, 0x38, 0x00, 0x00, 0x6F, 0x00, 0x30, 0x07, 
0xB7, 0x07, 0xFF, 0x00, 0xE9, 0x8F, 0x37, 0x07, 0x20, 0x00, 0x63, 0x96, 0xE7, 0x02, 0x13, 0x57, 
0x85, 0x00, 0x13, 0x77, 0xF7, 0x0F, 0x93, 0x06, 0x00, 0x04, 0x93, 0x77, 0xF5, 0x0F, 0x63, 0x0E, 
0xD7, 0x00, 0x93, 0x06, 0x10, 0x04, 0x63, 0x04, 0xD7, 0x02, 0x93, 0x06, 0x00, 0x05, 0x01, 0x45, 
0x63, 0x0A, 0xD7, 0x00, 0x82, 0x80, 0x01, 0x45, 0x82, 0x80, 0x13, 0x85, 0xD7, 0xFE, 0x13, 0x35, 
0xE5, 0x00, 0x82, 0x80, 0x13, 0x85, 0xB7, 0xFE, 0x13, 0x35, 0x25, 0x00, 0x82, 0x80, 0x13, 0x85, 
0x97, 0xFE, 0x13, 0x35, 0xA5, 0x00, 0x82, 0x80, 0x39, 0x71, 0x3E, 0xC6, 0x06, 0xDE, 0x22, 0xDC, 
0x26, 0xDA, 0x4A, 0xD8, 0x4E, 0xD6, 0x52, 0xD4, 0x56, 0xD2, 0x93, 0x07, 0x00, 0x02, 0x63, 0xEE, 
0xE7, 0x1A, 0xC2, 0x84, 0x63, 0xEB, 0x07, 0x1D, 0x37, 0x34, 0x00, 0x60, 0x13, 0x04, 0x04, 0x00, 
0x83, 0x2A, 0x84, 0x00, 0x03, 0x2A, 0x84, 0x01, 0x83, 0x29, 0xC4, 0x01, 0x03, 0x29, 0x04, 0x02, 
0x23, 0x24, 0x04, 0x00, 0x1C, 0x44, 0xB7, 0x08, 0x20, 0x00, 0x37, 0x08, 0x00, 0x80, 0xB3, 0xE7, 
0x17, 0x01, 0x1C, 0xC4, 0x1C, 0x4C, 0x41, 0x73, 0xB7, 0x08, 0x00, 0x70, 0xB3, 0xE7, 0x07, 0x01, 
0x1C, 0xCC, 0x1C, 0x50, 0x13, 0x88, 0xF5, 0xFF, 0x6A, 0x08, 0x3E, 0xCC, 0xE2, 0x47, 0xB3, 0x35, 
0xB0, 0x00, 0xFA, 0x05, 0xB3, 0xF7, 0x67, 0x00, 0x5D, 0x8D, 0x2A, 0xCC, 0xE2, 0x47, 0x37, 0x05, 
0x00, 0xC0, 0x7D, 0x15, 0x1C, 0xD0, 0x1C, 0x50, 0x3E, 0xCE, 0xF2, 0x47, 0x92, 0x07, 0x91, 0x83, 
0xB3, 0xE7, 0x17, 0x01, 0x3E, 0xCE, 0xF2, 0x47, 0x1C, 0xD0, 0x5C, 0x4C, 0x9A, 0x07, 0x99, 0x83, 
0xB3, 0xE7, 0x07, 0x01, 0x5C, 0xCC, 0x1C, 0x4C, 0xE9, 0x8F, 0xCD, 0x8F, 0x1C, 0xCC, 0x50, 0xC0, 
0x81, 0xC8, 0xB7, 0x07, 0x88, 0x40, 0x83, 0xA7, 0xC7, 0xFE, 0x83, 0xC7, 0x97, 0x01, 0xBE, 0x96, 
0x1C, 0x4C, 0xB7, 0x05, 0x00, 0xE0, 0xFD, 0x15, 0x33, 0x36, 0xD0, 0x00, 0xED, 0x8F, 0x76, 0x06, 
0xD1, 0x8F, 0x1C, 0xCC, 0x89, 0xCA, 0x5C, 0x4C, 0xFD, 0x16, 0x93, 0xF6, 0xF6, 0x03, 0x93, 0xF7, 
0x07, 0xFC, 0xD5, 0x8F, 0x5C, 0xCC, 0x1C, 0x4C, 0x37, 0x06, 0x00, 0xF8, 0x7D, 0x16, 0xB3, 0x36, 
0xE0, 0x00, 0xF1, 0x8F, 0xEE, 0x06, 0xD5, 0x8F, 0x1C, 0xCC, 0x5C, 0x50, 0x51, 0xEB, 0x93, 0xF7, 
0x07, 0xC0, 0x5C, 0xD0, 0x1C, 0x4C, 0xB7, 0x06, 0x00, 0xF0, 0xFD, 0x16, 0x33, 0x37, 0x90, 0x00, 
0x72, 0x07, 0xF5, 0x8F, 0xD9, 0x8F, 0x1C, 0xCC, 0x01, 0x47, 0x89, 0xC4, 0x13, 0x87, 0xF4, 0xFF, 
0x13, 0x77, 0xF7, 0x3F, 0x1C, 0x54, 0xB7, 0x06, 0x04, 0x00, 0x93, 0xF7, 0x07, 0xC0, 0xD9, 0x8F, 
0x1C, 0xD4, 0x1C, 0x40, 0xD5, 0x8F, 0x1C, 0xC0, 0x1C, 0x40, 0xFD, 0xFF, 0x23, 0x24, 0x54, 0x01, 
0x23, 0x2C, 0x44, 0x01, 0x23, 0x2E, 0x34, 0x01, 0x13, 0xD6, 0x34, 0x00, 0x23, 0x20, 0x24, 0x03, 
0x02, 0xC8, 0x93, 0x77, 0x36, 0x00, 0xA5, 0xCB, 0x3C, 0x4C, 0x4C, 0x08, 0x08, 0x08, 0x3E, 0xCA, 
0x97, 0x20, 0x79, 0xFF, 0xE7, 0x80, 0x80, 0xCE, 0x93, 0x07, 0x00, 0x02, 0x42, 0x45, 0x63, 0x88, 
0xF4, 0x00, 0xFD, 0x57, 0xB3, 0x97, 0x97, 0x00, 0x93, 0xC7, 0xF7, 0xFF, 0x7D, 0x8D, 0xF2, 0x50, 
0x62, 0x54, 0xD2, 0x54, 0x42, 0x59, 0xB2, 0x59, 0x22, 0x5A, 0x92, 0x5A, 0x21, 0x61, 0x82, 0x80, 
0x93, 0x06, 0xF7, 0xFF, 0x93, 0xF6, 0xF6, 0x3F, 0x93, 0xF7, 0x07, 0xC0, 0x13, 0x56, 0x37, 0x00, 
0xD5, 0x8F, 0x13, 0x07, 0x36, 0x00, 0x5C, 0xD0, 0x93, 0x57, 0x27, 0x00, 0x05, 0x47, 0xE3, 0x9B, 
0xE7, 0xF4, 0x6C, 0x00, 0x48, 0x08, 0x02, 0xCA, 0x97, 0x20, 0x79, 0xFF, 0xE7, 0x80, 0x00, 0xC9, 
0xD2, 0x47, 0x3C, 0xCC, 0x81, 0xB7, 0xB7, 0x35, 0x00, 0x60, 0x93, 0x85, 0x85, 0x05, 0x08, 0x08, 
0x97, 0x20, 0x79, 0xFF, 0xE7, 0x80, 0x80, 0xC7, 0x41, 0xBF, 0xB7, 0x76, 0x87, 0x40, 0x37, 0x76, 
0x87, 0x40, 0x37, 0x75, 0x87, 0x40, 0x93, 0x86, 0x86, 0x87, 0x13, 0x06, 0x46, 0xDF, 0x13, 0x05, 
0x15, 0x8C, 0x93, 0x05, 0x30, 0x30, 0xEF, 0x10, 0xD0, 0x47, 0xB7, 0x76, 0x87, 0x40, 0x37, 0x76, 
0x87, 0x40, 0x37, 0x75, 0x87, 0x40, 0x93, 0x86, 0x46, 0x8D, 0x13, 0x06, 0x46, 0xDF, 0x13, 0x05, 
0x15, 0x8C, 0x93, 0x05, 0x40, 0x30, 0xEF, 0x10, 0xD0, 0x45, 0x01, 0x11, 0x26, 0xCA, 0xB7, 0x04, 
0x88, 0x40, 0x03, 0xA5, 0xC4, 0xFE, 0x4A, 0xC8, 0x06, 0xCE, 0x97, 0x20, 0x79, 0xFF, 0xE7, 0x80, 
0x20, 0x88, 0x03, 0xA9, 0xC4, 0xFE, 0xB7, 0x07, 0xFF, 0x00, 0xB7, 0x06, 0x9D, 0x00, 0x03, 0x27, 
0x09, 0x00, 0xF9, 0x8F, 0x63, 0x84, 0xD7, 0x0A, 0xB7, 0x06, 0xC2, 0x00, 0x63, 0x80, 0xD7, 0x0A, 
0x22, 0xCC, 0xB7, 0x06, 0xC8, 0x00, 0x63, 0x88, 0xD7, 0x0C, 0x21, 0x48, 0x81, 0x47, 0x01, 0x47, 
0x81, 0x46, 0x01, 0x46, 0x81, 0x45, 0x15, 0x45, 0x45, 0x33, 0x2A, 0x84, 0x81, 0x47, 0x01, 0x47, 
0x21, 0x48, 0x81, 0x46, 0x01, 0x46, 0x81, 0x45, 0x13, 0x05, 0x50, 0x03, 0x71, 0x33, 0x93, 0x17, 
0x85, 0x00, 0xC1, 0x8F, 0xC2, 0x07, 0xC1, 0x83, 0x13, 0xF7, 0xF7, 0xDF, 0x51, 0xC7, 0x4E, 0xC6, 
0x13, 0xF4, 0x07, 0x20, 0xC1, 0x49, 0x4A, 0x85, 0x97, 0x20, 0x79, 0xFF, 0xE7, 0x80, 0x40, 0x81, 
0x01, 0x48, 0x81, 0x47, 0x01, 0x47, 0x81, 0x46, 0x01, 0x46, 0x81, 0x45, 0x19, 0x45, 0xA9, 0x3B, 
0xA2, 0x87, 0x4E, 0x87, 0x01, 0x48, 0x81, 0x46, 0x01, 0x46, 0x81, 0x45, 0x05, 0x45, 0xA9, 0x33, 
0x03, 0xA5, 0xC4, 0xFE, 0x97, 0x10, 0x79, 0xFF, 0xE7, 0x80, 0x80, 0x7E, 0x01, 0x48, 0x81, 0x47, 
0x01, 0x47, 0x81, 0x46, 0x01, 0x46, 0x81, 0x45, 0x11, 0x45, 0x3D, 0x33, 0x62, 0x44, 0xB2, 0x49, 
0xF2, 0x40, 0xD2, 0x44, 0x42, 0x49, 0x01, 0x45, 0x05, 0x61, 0x82, 0x80, 0x81, 0x47, 0x21, 0x48, 
0x01, 0x47, 0x81, 0x46, 0x01, 0x46, 0x81, 0x45, 0x15, 0x45, 0x39, 0x33, 0x93, 0x77, 0xC5, 0x0B, 
0x42, 0x05, 0x41, 0x81, 0xF1, 0xDF, 0x13, 0x75, 0x35, 0xF4, 0x22, 0xCC, 0x13, 0x14, 0x05, 0x01, 
0x4E, 0xC6, 0x41, 0x80, 0xA1, 0x49, 0x41, 0xB7, 0x62, 0x44, 0xF2, 0x40, 0xD2, 0x44, 0x42, 0x49, 
0x01, 0x45, 0x05, 0x61, 0x82, 0x80, 0xC1, 0x67, 0x93, 0x87, 0x07, 0xF0, 0xF9, 0x8F, 0x91, 0x66, 
0xE3, 0x95, 0xD7, 0xF2, 0x13, 0x77, 0xF7, 0x0F, 0xD5, 0x47, 0xE3, 0xF0, 0xE7, 0xF2, 0x21, 0x48, 
0x81, 0x47, 0x01, 0x47, 0x81, 0x46, 0x01, 0x46, 0x81, 0x45, 0x15, 0x45, 0x4E, 0xC6, 0x6D, 0x39, 
0x2A, 0x84, 0x81, 0x47, 0x21, 0x48, 0x01, 0x47, 0x81, 0x46, 0x01, 0x46, 0x81, 0x45, 0x13, 0x05, 
0x50, 0x03, 0x5D, 0x31, 0x93, 0x17, 0x04, 0x01, 0xC1, 0x83, 0x13, 0x74, 0x25, 0x00, 0x93, 0x79, 
0xD5, 0x0F, 0x95, 0xEB, 0x63, 0x83, 0x09, 0x06, 0x4A, 0x85, 0x97, 0x10, 0x79, 0xFF, 0xE7, 0x80, 
0x20, 0x73, 0x01, 0x48, 0x81, 0x47, 0x01, 0x47, 0x81, 0x46, 0x01, 0x46, 0x81, 0x45, 0x19, 0x45, 
0xA5, 0x39, 0xA2, 0x87, 0x01, 0x48, 0x21, 0x47, 0x81, 0x46, 0x01, 0x46, 0x81, 0x45, 0x13, 0x05, 
0x10, 0x03, 0x9D, 0x31, 0x31, 0xBF, 0x4A, 0x85, 0x97, 0x10, 0x79, 0xFF, 0xE7, 0x80, 0x40, 0x70, 
0x01, 0x48, 0x81, 0x47, 0x01, 0x47, 0x81, 0x46, 0x01, 0x46, 0x81, 0x45, 0x19, 0x45, 0xA9, 0x31, 
0x01, 0x48, 0x81, 0x47, 0x21, 0x47, 0x81, 0x46, 0x01, 0x46, 0x81, 0x45, 0x05, 0x45, 0x2D, 0x39, 
0x03, 0xA9, 0xC4, 0xFE, 0xE3, 0x92, 0x09, 0xFA, 0xE5, 0xB5, 0x62, 0x44, 0xB2, 0x49, 0x09, 0xB7, 
0xAE, 0x87, 0x32, 0x87, 0x36, 0x88, 0x01, 0x46, 0x81, 0x46, 0x81, 0x45, 0x31, 0xB9, 0x41, 0x11, 
0x81, 0x47, 0x01, 0x47, 0x81, 0x46, 0x01, 0x46, 0x61, 0x48, 0x81, 0x45, 0x13, 0x05, 0xF0, 0x09, 
0x06, 0xC6, 0x19, 0x31, 0xB2, 0x40, 0x93, 0x17, 0x05, 0x01, 0x93, 0x56, 0x05, 0x01, 0x37, 0x06, 
0xFF, 0x00, 0x41, 0x67, 0xF1, 0x8F, 0x93, 0xF6, 0xF6, 0x0F, 0x13, 0x07, 0x07, 0xF0, 0xD5, 0x8F, 
0x79, 0x8D, 0x5D, 0x8D, 0x41, 0x01, 0x82, 0x80, 0x41, 0x11, 0x22, 0xC4, 0x37, 0x04, 0x88, 0x40, 
0x83, 0x27, 0xC4, 0xFE, 0x06, 0xC6, 0x88, 0x43, 0xA5, 0x3E, 0x11, 0xC5, 0x01, 0x45, 0xB2, 0x40, 
0x22, 0x44, 0x41, 0x01, 0x82, 0x80, 0x21, 0x48, 0x81, 0x47, 0xC2, 0x86, 0x01, 0x47, 0x41, 0x46, 
0xE1, 0x45, 0x13, 0x05, 0xA0, 0x05, 0x4D, 0x3E, 0x13, 0x75, 0xF5, 0x0F, 0x93, 0x07, 0x00, 0x02, 
0xE3, 0x1E, 0xF5, 0xFC, 0x26, 0xC2, 0x05, 0x21, 0xAA, 0x85, 0xB7, 0x64, 0x87, 0x40, 0x37, 0x75, 
0x87, 0x40, 0x13, 0x86, 0x44, 0x72, 0x13, 0x05, 0x85, 0x8F, 0x97, 0x10, 0x79, 0xFF, 0xE7, 0x80, 
0xA0, 0x54, 0x01, 0x48, 0x81, 0x47, 0x01, 0x47, 0x81, 0x46, 0x01, 0x46, 0x81, 0x45, 0x13, 0x05, 
0x90, 0x0B, 0x9D, 0x3E, 0x01, 0x48, 0x81, 0x47, 0x01, 0x47, 0x81, 0x46, 0x01, 0x46, 0x81, 0x45, 
0x13, 0x05, 0x90, 0x07, 0x95, 0x36, 0x01, 0x48, 0x81, 0x47, 0x01, 0x47, 0x81, 0x46, 0x01, 0x46, 
0x81, 0x45, 0x13, 0x05, 0xF0, 0x0F, 0x89, 0x3E, 0x13, 0x05, 0x00, 0x7D, 0x97, 0x10, 0x79, 0xFF, 
0xE7, 0x80, 0x00, 0x52, 0x01, 0x48, 0x81, 0x47, 0x01, 0x47, 0x81, 0x46, 0x01, 0x46, 0x81, 0x45, 
0x13, 0x05, 0xB0, 0x0A, 0x15, 0x3E, 0x51, 0x45, 0x97, 0x10, 0x79, 0xFF, 0xE7, 0x80, 0x40, 0x50, 
0x81, 0x47, 0x01, 0x47, 0x81, 0x46, 0x01, 0x46, 0x61, 0x48, 0x81, 0x45, 0x13, 0x05, 0xF0, 0x09, 
0x03, 0x24, 0xC4, 0xFE, 0x11, 0x3E, 0x93, 0x17, 0x05, 0x01, 0x93, 0x56, 0x05, 0x01, 0x37, 0x06, 
0xFF, 0x00, 0x41, 0x67, 0xF1, 0x8F, 0x93, 0xF6, 0xF6, 0x0F, 0x13, 0x07, 0x07, 0xF0, 0xD5, 0x8F, 
0x79, 0x8D, 0x5D, 0x8D, 0x08, 0xC0, 0x69, 0x3C, 0x19, 0xC1, 0x92, 0x44, 0x05, 0xB7, 0xA5, 0x26, 
0xAA, 0x85, 0x37, 0x75, 0x87, 0x40, 0x13, 0x86, 0x44, 0x72, 0x13, 0x05, 0xC5, 0x91, 0x97, 0x10, 
0x79, 0xFF, 0xE7, 0x80, 0x60, 0x49, 0x7D, 0x55, 0x92, 0x44, 0x11, 0xB7, 0x41, 0x11, 0x22, 0xC4, 
0xAA, 0x85, 0x2A, 0x84, 0x75, 0x45, 0x06, 0xC6, 0x97, 0x20, 0x79, 0xFF, 0xE7, 0x80, 0x80, 0xB5, 
0xA2, 0x85, 0x65, 0x45, 0x97, 0x20, 0x79, 0xFF, 0xE7, 0x80, 0xC0, 0xB4, 0xA2, 0x85, 0x79, 0x45, 
0x97, 0x20, 0x79, 0xFF, 0xE7, 0x80, 0x00, 0xB4, 0xA2, 0x85, 0x61, 0x45, 0x97, 0x20, 0x79, 0xFF, 
0xE7, 0x80, 0x40, 0xB3, 0xA2, 0x85, 0x71, 0x45, 0x97, 0x20, 0x79, 0xFF, 0xE7, 0x80, 0x80, 0xB2, 
0xA2, 0x85, 0x22, 0x44, 0xB2, 0x40, 0x69, 0x45, 0x41, 0x01, 0x17, 0x23, 0x79, 0xFF, 0x67, 0x00, 
0x63, 0xB1, 0xB7, 0xF7, 0x0A, 0x60, 0x93, 0x87, 0x07, 0x00, 0x9C, 0x4F, 0x89, 0x83, 0x85, 0x8B, 
0xF1, 0xCF, 0x93, 0x07, 0x90, 0x06, 0x63, 0x0A, 0xF5, 0x0A, 0x63, 0xFB, 0xA7, 0x02, 0x93, 0x07, 
0xA0, 0x06, 0x63, 0x03, 0xF5, 0x08, 0x93, 0x07, 0xD0, 0x06, 0x63, 0x1C, 0xF5, 0x04, 0xB7, 0x07, 
0x0B, 0x60, 0x03, 0xA5, 0x07, 0x82, 0x37, 0x07, 0x00, 0x01, 0xB7, 0x07, 0x0B, 0x60, 0x31, 0x81, 
0x13, 0x07, 0xF7, 0xBF, 0x05, 0x89, 0x13, 0x45, 0x15, 0x00, 0x23, 0xAE, 0xE7, 0x80, 0x82, 0x80, 
0x93, 0x07, 0x10, 0x06, 0x63, 0x09, 0xF5, 0x02, 0x93, 0x07, 0x60, 0x06, 0x63, 0x13, 0xF5, 0x02, 
0xB7, 0x07, 0x0B, 0x60, 0x03, 0xA5, 0x07, 0x82, 0x37, 0x07, 0x00, 0x01, 0xB7, 0x07, 0x0B, 0x60, 
0x25, 0x81, 0x13, 0x07, 0xF7, 0xF7, 0x05, 0x89, 0x13, 0x45, 0x15, 0x00, 0x23, 0xAE, 0xE7, 0x80, 
0x82, 0x80, 0x05, 0x45, 0x82, 0x80, 0xB7, 0x07, 0x0B, 0x60, 0x03, 0xA5, 0x07, 0x82, 0x37, 0x07, 
0x00, 0x01, 0xB7, 0x07, 0x0B, 0x60, 0x29, 0x81, 0x13, 0x07, 0xF7, 0xEF, 0x05, 0x89, 0x13, 0x45, 
0x15, 0x00, 0x23, 0xAE, 0xE7, 0x80, 0x82, 0x80, 0xB7, 0x07, 0x0B, 0x60, 0x03, 0xA5, 0x07, 0x82, 
0x37, 0x07, 0x00, 0x01, 0xB7, 0x07, 0x0B, 0x60, 0x21, 0x81, 0x13, 0x07, 0xF7, 0xFB, 0x05, 0x89, 
0x13, 0x45, 0x15, 0x00, 0x23, 0xAE, 0xE7, 0x80, 0x82, 0x80, 0xB7, 0x07, 0x0B, 0x60, 0x03, 0xA5, 
0x07, 0x82, 0x37, 0x07, 0x00, 0x01, 0xB7, 0x07, 0x0B, 0x60, 0x2D, 0x81, 0x13, 0x07, 0xF7, 0xDF, 
0x05, 0x89, 0x13, 0x45, 0x15, 0x00, 0x23, 0xAE, 0xE7, 0x80, 0x82, 0x80, 0xB7, 0x76, 0x87, 0x40, 
0x37, 0x76, 0x87, 0x40, 0x37, 0x75, 0x87, 0x40, 0x41, 0x11, 0x93, 0x86, 0xC6, 0xCA, 0x13, 0x06, 
0x46, 0xE3, 0x13, 0x05, 0x95, 0xCF, 0x93, 0x05, 0x80, 0x05, 0x06, 0xC6, 0xEF, 0x10, 0x60, 0x7D, 
0x41, 0x11, 0x22, 0xC4, 0x26, 0xC2, 0x4A, 0xC0, 0x06, 0xC6, 0x32, 0x84, 0xB6, 0x84, 0x2A, 0x89, 
0xCD, 0x35, 0xB7, 0xC7, 0x02, 0x18, 0x93, 0x87, 0x07, 0xE0, 0xAA, 0x97, 0x8A, 0x07, 0x98, 0x43, 
0x13, 0x16, 0x67, 0x00, 0xE3, 0x4D, 0x06, 0xFE, 0x13, 0x17, 0x84, 0x00, 0x33, 0x67, 0x27, 0x01, 
0xC2, 0x04, 0x45, 0x8F, 0xB7, 0x06, 0x00, 0x01, 0x55, 0x8F, 0x98, 0xC3, 0x98, 0x43, 0x93, 0x16, 
0x67, 0x00, 0xE3, 0xCD, 0x06, 0xFE, 0xB2, 0x40, 0x22, 0x44, 0x92, 0x44, 0x02, 0x49, 0x41, 0x01, 
0x82, 0x80, 0x01, 0x11, 0x4A, 0xC8, 0x4E, 0xC6, 0x3A, 0x89, 0xB3, 0x89, 0xE6, 0x40, 0x06, 0xCE, 
0x22, 0xCC, 0x26, 0xCA, 0x52, 0xC4, 0x56, 0xC2, 0x1D, 0x47, 0x63, 0x4D, 0x37, 0x09, 0x3E, 0x8A, 
0x36, 0x84, 0xB2, 0x84, 0xAA, 0x8A, 0xB5, 0x3D, 0xB7, 0xC7, 0x02, 0x18, 0x93, 0x87, 0x07, 0xE0, 
0xB3, 0x05, 0xF5, 0x00, 0x8A, 0x05, 0x03, 0xA8, 0x05, 0x00, 0x93, 0x16, 0x68, 0x00, 0xE3, 0xCC, 
0x06, 0xFE, 0x13, 0x96, 0x84, 0x00, 0x33, 0x65, 0x56, 0x01, 0x88, 0xC1, 0x90, 0x41, 0x93, 0x16, 
0x66, 0x00, 0xE3, 0xCD, 0x06, 0xFE, 0x7D, 0x56, 0x98, 0x41, 0xB3, 0x16, 0x26, 0x01, 0x05, 0x04, 
0x85, 0x09, 0x33, 0x14, 0x86, 0x00, 0x93, 0xC6, 0xF6, 0xFF, 0x33, 0x16, 0x36, 0x01, 0x41, 0x83, 
0xC1, 0x8E, 0x93, 0x47, 0xF6, 0xFF, 0xB3, 0xF7, 0x47, 0x01, 0xF9, 0x8E, 0x13, 0xF7, 0xF6, 0x0F, 
0xB3, 0x97, 0x27, 0x01, 0xD9, 0x8F, 0xC2, 0x07, 0x37, 0x07, 0xFF, 0x00, 0xF9, 0x8F, 0xC9, 0x8F, 
0x37, 0x07, 0x00, 0x01, 0xD9, 0x8F, 0x9C, 0xC1, 0x9C, 0x41, 0x13, 0x97, 0x67, 0x00, 0xE3, 0x4D, 
0x07, 0xFE, 0xF2, 0x40, 0x62, 0x44, 0xD2, 0x44, 0x42, 0x49, 0xB2, 0x49, 0x22, 0x4A, 0x92, 0x4A, 
0x05, 0x61, 0x82, 0x80, 0xB7, 0x76, 0x87, 0x40, 0x37, 0x76, 0x87, 0x40, 0x37, 0x75, 0x87, 0x40, 
0x93, 0x86, 0x86, 0xD1, 0x13, 0x06, 0xC6, 0xE1, 0x13, 0x05, 0x95, 0xCF, 0x93, 0x05, 0x70, 0x0A, 
0xEF, 0x10, 0x20, 0x6B, 0x41, 0x11, 0x06, 0xC6, 0x22, 0xC4, 0x95, 0x28, 0x2A, 0x84, 0x41, 0x20, 
0x93, 0x07, 0x40, 0x06, 0x33, 0x04, 0xF4, 0x02, 0xB2, 0x40, 0x22, 0x95, 0x22, 0x44, 0x41, 0x01, 
0x82, 0x80, 0xB7, 0x17, 0x0B, 0x60, 0x93, 0x87, 0x07, 0x80, 0xA8, 0x4B, 0x13, 0x07, 0x40, 0x06, 
0xBC, 0x4B, 0x79, 0x81, 0x33, 0x05, 0xE5, 0x02, 0xED, 0x83, 0x9D, 0x8B, 0x3E, 0x95, 0x82, 0x80, 
0xB7, 0x17, 0x0B, 0x60, 0x93, 0x87, 0x07, 0x80, 0xA8, 0x43, 0x05, 0x89, 0x82, 0x80, 0xB7, 0x17, 
0x0B, 0x60, 0x93, 0x87, 0x07, 0x80, 0xA8, 0x43, 0x05, 0x81, 0x05, 0x89, 0x82, 0x80, 0xB7, 0x17, 
0x0B, 0x60, 0x93, 0x87, 0x07, 0x80, 0xDC, 0x5B, 0x01, 0x45, 0xC9, 0x83, 0x9D, 0x8B, 0x99, 0xC7, 
0x13, 0xF7, 0x17, 0x00, 0x85, 0x83, 0x39, 0x8D, 0xE5, 0xFF, 0x82, 0x80, 0x82, 0x80, 0xB7, 0x17, 
0x0B, 0x60, 0x93, 0x87, 0x07, 0x80, 0xA8, 0x4B, 0x59, 0x81, 0x0D, 0x89, 0x82, 0x80, 0xB7, 0x17, 
0x0B, 0x60, 0x93, 0x87, 0x07, 0x80, 0xA8, 0x4B, 0x49, 0x81, 0x3D, 0x89, 0x82, 0x80, 0xB7, 0x57, 
0x87, 0x40, 0x83, 0xA7, 0x07, 0x78, 0xB7, 0x06, 0x00, 0x10, 0x01, 0x11, 0x98, 0x4B, 0x55, 0x8F, 
0x98, 0xCB, 0xD8, 0x4B, 0x3A, 0xCE, 0x72, 0x45, 0x9C, 0x4F, 0x3E, 0xCC, 0xE2, 0x45, 0x05, 0x61, 
0xC2, 0x05, 0xC1, 0x81, 0x82, 0x80, 0x41, 0x11, 0x06, 0xC6, 0x22, 0xC4, 0x73, 0x24, 0x20, 0x7E, 
0x97, 0x10, 0x79, 0xFF, 0xE7, 0x80, 0x00, 0x15, 0x93, 0x07, 0x80, 0x3E, 0x33, 0x05, 0xF5, 0x02, 
0xB2, 0x40, 0x33, 0x55, 0xA4, 0x02, 0x22, 0x44, 0x41, 0x01, 0x82, 0x80, 0x63, 0x00, 0x05, 0x10, 
0x01, 0x11, 0x22, 0xCC, 0x2A, 0x84, 0x26, 0xCA, 0x4A, 0xC8, 0x4E, 0xC6, 0x06, 0xCE, 0x2E, 0x89, 
0x11, 0x37, 0x83, 0x44, 0x04, 0x01, 0x83, 0x47, 0xF4, 0x00, 0xAA, 0x89, 0xA2, 0x04, 0xDD, 0x8C, 
0x63, 0x6A, 0x95, 0x08, 0x63, 0x1A, 0x09, 0x00, 0xF2, 0x40, 0x62, 0x44, 0xD2, 0x44, 0x42, 0x49, 
0xB2, 0x49, 0x05, 0x45, 0x05, 0x61, 0x82, 0x80, 0x03, 0x47, 0x24, 0x01, 0x83, 0x46, 0x14, 0x01, 
0xC1, 0x67, 0x13, 0x14, 0x87, 0x00, 0x55, 0x8C, 0x13, 0x07, 0xF4, 0xFF, 0x42, 0x07, 0x41, 0x83, 
0xF5, 0x17, 0xE3, 0xEB, 0xE7, 0xFC, 0xE3, 0x79, 0xA4, 0xFC, 0xDD, 0x3D, 0x71, 0xF5, 0xA5, 0x3F, 
0xB7, 0x87, 0xEB, 0x51, 0x93, 0x87, 0xF7, 0x51, 0x33, 0xB7, 0xF9, 0x02, 0x93, 0x08, 0x40, 0x06, 
0xAA, 0x85, 0x37, 0x66, 0x87, 0x40, 0x37, 0x65, 0x87, 0x40, 0x13, 0x06, 0x46, 0x56, 0x13, 0x05, 
0xC5, 0x5B, 0xB3, 0x36, 0xF4, 0x02, 0x93, 0x57, 0x57, 0x00, 0x95, 0x82, 0x33, 0x88, 0x17, 0x03, 
0x33, 0x87, 0x16, 0x03, 0x33, 0x88, 0x09, 0x41, 0x33, 0x07, 0xE4, 0x40, 0x97, 0x10, 0x79, 0xFF, 
0xE7, 0x80, 0x80, 0x07, 0x01, 0x45, 0xF2, 0x40, 0x62, 0x44, 0xD2, 0x44, 0x42, 0x49, 0xB2, 0x49, 
0x05, 0x61, 0x82, 0x80, 0x0D, 0x37, 0xB7, 0x86, 0xEB, 0x51, 0x93, 0x86, 0xF6, 0x51, 0xB3, 0xB7, 
0xD9, 0x02, 0x13, 0x07, 0x40, 0x06, 0xAA, 0x85, 0x37, 0x66, 0x87, 0x40, 0x37, 0x65, 0x87, 0x40, 
0x13, 0x06, 0x46, 0x56, 0x13, 0x05, 0x05, 0x57, 0xB3, 0xB6, 0xD4, 0x02, 0x95, 0x83, 0x95, 0x82, 
0x33, 0x88, 0xE7, 0x02, 0x33, 0x87, 0xE6, 0x02, 0x33, 0x88, 0x09, 0x41, 0x33, 0x87, 0xE4, 0x40, 
0x97, 0x10, 0x79, 0xFF, 0xE7, 0x80, 0x40, 0x02, 0x01, 0x45, 0x75, 0xB7, 0x01, 0x45, 0x82, 0x80, 
0xAA, 0x85, 0x11, 0x46, 0x7D, 0x55, 0x17, 0x13, 0x79, 0xFF, 0x67, 0x00, 0xE3, 0x73, 0x18, 0x41, 
0xFD, 0x57, 0x63, 0x07, 0xF7, 0x00, 0x08, 0x4D, 0x75, 0x15, 0x13, 0x35, 0x25, 0x00, 0x82, 0x80, 
0x05, 0x45, 0x82, 0x80, 0x01, 0x11, 0x06, 0xCE, 0x26, 0xCA, 0x25, 0xCD, 0x1C, 0x41, 0x22, 0xCC, 
0x4E, 0xC6, 0x4A, 0xC8, 0xFD, 0x59, 0x2A, 0x84, 0x63, 0x81, 0x37, 0x03, 0x1C, 0x4D, 0x05, 0x49, 
0xF5, 0x17, 0x63, 0x7C, 0xF9, 0x00, 0x44, 0x4C, 0xAA, 0x85, 0x11, 0x46, 0x4E, 0x85, 0x97, 0x10, 
0x79, 0xFF, 0xE7, 0x80, 0x60, 0x6F, 0x63, 0x8C, 0xA4, 0x04, 0x18, 0x50, 0xFD, 0x57, 0x63, 0x0F, 
0xF7, 0x02, 0x01, 0x49, 0x1C, 0x5C, 0x0D, 0x47, 0x93, 0x04, 0xF9, 0xFF, 0x63, 0x80, 0xE7, 0x02, 
0x11, 0x46, 0x63, 0x8D, 0xC7, 0x00, 0x83, 0x29, 0xC4, 0x03, 0x93, 0x05, 0x04, 0x02, 0x7D, 0x55, 
0x97, 0x10, 0x79, 0xFF, 0xE7, 0x80, 0x40, 0x6C, 0x63, 0x88, 0xA9, 0x02, 0x62, 0x44, 0xF2, 0x40, 
0x42, 0x49, 0xB2, 0x49, 0x26, 0x85, 0xD2, 0x44, 0x05, 0x61, 0x82, 0x80, 0x62, 0x44, 0x42, 0x49, 
0xB2, 0x49, 0xF2, 0x40, 0xFD, 0x54, 0x26, 0x85, 0xD2, 0x44, 0x05, 0x61, 0x82, 0x80, 0x1C, 0x50, 
0x81, 0x44, 0xE3, 0x99, 0x37, 0xFB, 0xD9, 0xBF, 0x85, 0x44, 0xE3, 0x09, 0x09, 0xFC, 0x04, 0x50, 
0x1C, 0x40, 0xF2, 0x40, 0x62, 0x44, 0xB3, 0xB4, 0x97, 0x00, 0x42, 0x49, 0xB2, 0x49, 0x26, 0x85, 
0xD2, 0x44, 0x05, 0x61, 0x82, 0x80, 0x79, 0x71, 0x4A, 0xD0, 0x37, 0x89, 0xEB, 0x51, 0x22, 0xD4, 
0x26, 0xD2, 0x4E, 0xCE, 0x52, 0xCC, 0x56, 0xCA, 0x5A, 0xC8, 0x5E, 0xC6, 0x06, 0xD6, 0xAA, 0x84, 
0xAE, 0x8B, 0x13, 0x09, 0xF9, 0x51, 0x35, 0x3B, 0xB3, 0x39, 0x25, 0x03, 0x13, 0x0A, 0x40, 0x06, 
0xC1, 0x67, 0xFD, 0x17, 0x2A, 0x84, 0x81, 0x4A, 0x93, 0xD9, 0x59, 0x00, 0x33, 0x88, 0x49, 0x03, 
0x33, 0x0B, 0x05, 0x41, 0x63, 0x84, 0xF4, 0x00, 0x63, 0x67, 0x95, 0x06, 0xC1, 0x67, 0xFD, 0x17, 
0x63, 0x86, 0xFB, 0x00, 0x63, 0x84, 0x0B, 0x00, 0x63, 0xEE, 0x8B, 0x00, 0xB2, 0x50, 0x22, 0x54, 
0x92, 0x54, 0x02, 0x59, 0xF2, 0x49, 0x62, 0x4A, 0x42, 0x4B, 0xB2, 0x4B, 0x56, 0x85, 0xD2, 0x4A, 
0x45, 0x61, 0x82, 0x80, 0x29, 0x3B, 0x7D, 0xF1, 0x79, 0x33, 0xB7, 0x86, 0xEB, 0x51, 0x93, 0x86, 
0xF6, 0x51, 0xB3, 0xB6, 0xDB, 0x02, 0x13, 0x07, 0x40, 0x06, 0xAA, 0x85, 0x37, 0x66, 0x87, 0x40, 
0x37, 0x65, 0x87, 0x40, 0x5A, 0x88, 0xCE, 0x87, 0x13, 0x06, 0x46, 0x56, 0x13, 0x05, 0x45, 0x65, 
0xFD, 0x5A, 0x95, 0x82, 0x33, 0x87, 0xE6, 0x02, 0x33, 0x87, 0xEB, 0x40, 0x97, 0x10, 0x79, 0xFF, 
0xE7, 0x80, 0x80, 0xE9, 0x65, 0xB7, 0x81, 0x3B, 0xB3, 0xB6, 0x24, 0x03, 0xAA, 0x85, 0x37, 0x66, 
0x87, 0x40, 0x37, 0x65, 0x87, 0x40, 0x5A, 0x88, 0xCE, 0x87, 0x13, 0x06, 0x46, 0x56, 0x13, 0x05, 
0x85, 0x60, 0xFD, 0x5A, 0x95, 0x82, 0x33, 0x87, 0x46, 0x03, 0x33, 0x87, 0xE4, 0x40, 0x97, 0x10, 
0x79, 0xFF, 0xE7, 0x80, 0x60, 0xE6, 0x9D, 0xB7, 0x41, 0x11, 0x26, 0xC2, 0x06, 0xC6, 0x83, 0x47, 
0xD5, 0x00, 0x03, 0x47, 0xC5, 0x00, 0xB5, 0x44, 0xA2, 0x07, 0xD9, 0x8F, 0x63, 0x94, 0x97, 0x02, 
0x85, 0x47, 0x63, 0x89, 0xF5, 0x00, 0x81, 0x47, 0x91, 0xC5, 0xB2, 0x40, 0x92, 0x44, 0x3E, 0x85, 
0x41, 0x01, 0x82, 0x80, 0x21, 0x3B, 0xB2, 0x40, 0x93, 0x07, 0xF5, 0xFF, 0x92, 0x44, 0x3E, 0x85, 
0x41, 0x01, 0x82, 0x80, 0x22, 0xC4, 0x2A, 0x84, 0xF9, 0x39, 0x83, 0x47, 0xD4, 0x00, 0x03, 0x47, 
0xC4, 0x00, 0xAA, 0x85, 0xA2, 0x07, 0x37, 0x66, 0x87, 0x40, 0x37, 0x65, 0x87, 0x40, 0x5D, 0x8F, 
0xA6, 0x86, 0x13, 0x06, 0x46, 0x56, 0x13, 0x05, 0x05, 0x6A, 0x97, 0x10, 0x79, 0xFF, 0xE7, 0x80, 
0xA0, 0xDF, 0xFD, 0x57, 0x22, 0x44, 0x55, 0xBF, 0x13, 0x05, 0x00, 0x10, 0x82, 0x80, 0x39, 0x71, 
0x4E, 0xD6, 0xB7, 0x59, 0x87, 0x40, 0x83, 0xC7, 0x09, 0x62, 0x06, 0xDE, 0xC9, 0xEB, 0xB7, 0x07, 
0x00, 0x01, 0x63, 0xE5, 0xB7, 0x0A, 0x4A, 0xD8, 0x41, 0x79, 0x33, 0x79, 0x25, 0x01, 0x22, 0xDC, 
0x33, 0x04, 0x25, 0x41, 0x26, 0xDA, 0xB3, 0x04, 0xB4, 0x00, 0x02, 0xCE, 0x13, 0x87, 0xF4, 0xFF, 
0x63, 0x71, 0xF7, 0x04, 0x89, 0x45, 0x05, 0x45, 0xEF, 0x20, 0xE0, 0x2D, 0x26, 0x87, 0x7C, 0x08, 
0xCA, 0x86, 0x37, 0x06, 0x00, 0x42, 0x85, 0x45, 0x01, 0x45, 0xEF, 0x20, 0x60, 0x07, 0x05, 0x45, 
0x89, 0x45, 0xEF, 0x20, 0x40, 0x32, 0xB7, 0x07, 0x00, 0x42, 0xF2, 0x50, 0x33, 0x05, 0xF4, 0x00, 
0x62, 0x54, 0x05, 0x47, 0x23, 0x80, 0xE9, 0x62, 0xD2, 0x54, 0x42, 0x59, 0xB2, 0x59, 0x21, 0x61, 
0x82, 0x80, 0x15, 0x39, 0xAA, 0x85, 0x37, 0x66, 0x87, 0x40, 0x37, 0x65, 0x87, 0x40, 0x13, 0x06, 
0x46, 0x72, 0x13, 0x05, 0x45, 0x79, 0x97, 0x10, 0x79, 0xFF, 0xE7, 0x80, 0xE0, 0xD5, 0x62, 0x54, 
0xD2, 0x54, 0x42, 0x59, 0xF2, 0x50, 0xB2, 0x59, 0x01, 0x45, 0x21, 0x61, 0x82, 0x80, 0x21, 0x31, 
0xAA, 0x85, 0x37, 0x66, 0x87, 0x40, 0x37, 0x65, 0x87, 0x40, 0x13, 0x06, 0x46, 0x72, 0x13, 0x05, 
0x85, 0x73, 0x97, 0x10, 0x79, 0xFF, 0xE7, 0x80, 0x20, 0xD3, 0xE9, 0xBF, 0x2E, 0xC6, 0xE5, 0x36, 
0xB2, 0x45, 0xAA, 0x87, 0x37, 0x66, 0x87, 0x40, 0x37, 0x65, 0x87, 0x40, 0xAE, 0x86, 0x13, 0x06, 
0x46, 0x72, 0xBE, 0x85, 0x13, 0x05, 0x45, 0x76, 0x97, 0x10, 0x79, 0xFF, 0xE7, 0x80, 0xC0, 0xD0, 
0x55, 0xBF, 0x41, 0x11, 0x22, 0xC4, 0x37, 0x54, 0x87, 0x40, 0x83, 0x47, 0x04, 0x62, 0x06, 0xC6, 
0x89, 0xE7, 0xB2, 0x40, 0x22, 0x44, 0x41, 0x01, 0x82, 0x80, 0x89, 0x45, 0x05, 0x45, 0xEF, 0x20, 
0x80, 0x21, 0xEF, 0x10, 0xD0, 0x79, 0xB2, 0x40, 0x23, 0x00, 0x04, 0x62, 0x22, 0x44, 0x41, 0x01, 
0x82, 0x80, 0x79, 0x71, 0x56, 0xCA, 0x06, 0xD6, 0x4E, 0xCE, 0x93, 0x77, 0x35, 0x00, 0xAA, 0x8A, 
0x63, 0x96, 0x07, 0x14, 0x4A, 0xD0, 0x93, 0x77, 0x36, 0x00, 0x32, 0x89, 0x63, 0x9E, 0x07, 0x10, 
0x5A, 0xC8, 0x93, 0xF9, 0x35, 0x00, 0x2E, 0x8B, 0x63, 0x9B, 0x09, 0x14, 0xB5, 0xCA, 0x13, 0x59, 
0x26, 0x00, 0x63, 0x00, 0x09, 0x0A, 0x52, 0xCC, 0x37, 0x5A, 0x87, 0x40, 0x83, 0x27, 0x4A, 0x78, 
0x26, 0xD2, 0xC1, 0x74, 0x22, 0xD4, 0x0A, 0x09, 0xE9, 0x8C, 0x2A, 0x99, 0x2A, 0x84, 0x63, 0x93, 
0x97, 0x02, 0xB7, 0x07, 0xFF, 0x42, 0xA2, 0x97, 0x85, 0x8F, 0x94, 0x43, 0xB3, 0x07, 0x54, 0x41, 
0xDA, 0x97, 0x7D, 0x57, 0x94, 0xC3, 0x11, 0x04, 0x23, 0x22, 0xEA, 0x78, 0x63, 0x0B, 0x24, 0x07, 
0xC1, 0x74, 0xE1, 0x8C, 0x89, 0x45, 0x05, 0x45, 0xEF, 0x20, 0xE0, 0x18, 0x41, 0x67, 0x7C, 0x00, 
0xA6, 0x86, 0x7D, 0x17, 0x37, 0x06, 0xFF, 0x42, 0x85, 0x45, 0x01, 0x45, 0x02, 0xC6, 0xEF, 0x10, 
0x30, 0x72, 0x89, 0x45, 0x05, 0x45, 0x23, 0x22, 0x9A, 0x78, 0xEF, 0x20, 0xC0, 0x1C, 0x55, 0xBF, 
0x89, 0x45, 0x05, 0x45, 0x22, 0xD4, 0xEF, 0x20, 0x00, 0x16, 0x4A, 0x86, 0xDA, 0x85, 0x56, 0x85, 
0x97, 0x10, 0x79, 0xFF, 0xE7, 0x80, 0xC0, 0xD4, 0x2A, 0x84, 0x89, 0x45, 0x05, 0x45, 0xEF, 0x20, 
0x80, 0x1A, 0x85, 0x47, 0x63, 0x0F, 0xF4, 0x04, 0x89, 0x47, 0x63, 0x01, 0xF4, 0x04, 0x0D, 0xE4, 
0x22, 0x54, 0xB2, 0x50, 0x02, 0x59, 0x42, 0x4B, 0xD2, 0x4A, 0x4E, 0x85, 0xF2, 0x49, 0x45, 0x61, 
0x82, 0x80, 0x22, 0x54, 0xB2, 0x50, 0x92, 0x54, 0x02, 0x59, 0x62, 0x4A, 0x42, 0x4B, 0xD2, 0x4A, 
0x4E, 0x85, 0xF2, 0x49, 0x45, 0x61, 0x82, 0x80, 0x22, 0x54, 0x02, 0x59, 0x42, 0x4B, 0xFD, 0x59, 
0xB2, 0x50, 0xD2, 0x4A, 0x4E, 0x85, 0xF2, 0x49, 0x45, 0x61, 0x82, 0x80, 0x22, 0x54, 0xB2, 0x50, 
0x99, 0x69, 0x89, 0x09, 0x02, 0x59, 0x42, 0x4B, 0xD2, 0x4A, 0x4E, 0x85, 0xF2, 0x49, 0x45, 0x61, 
0x82, 0x80, 0x22, 0x54, 0xB2, 0x50, 0x99, 0x69, 0x85, 0x09, 0x02, 0x59, 0x42, 0x4B, 0xD2, 0x4A, 
0x4E, 0x85, 0xF2, 0x49, 0x45, 0x61, 0x82, 0x80, 0xB9, 0x3C, 0xAA, 0x85, 0x37, 0x66, 0x87, 0x40, 
0x37, 0x65, 0x87, 0x40, 0xCA, 0x86, 0x13, 0x06, 0x46, 0x72, 0x13, 0x05, 0x85, 0x7F, 0x97, 0x10, 
0x79, 0xFF, 0xE7, 0x80, 0x60, 0xB8, 0xFD, 0x59, 0x02, 0x59, 0x5D, 0xB7, 0x2D, 0x3C, 0xAA, 0x85, 
0x37, 0x66, 0x87, 0x40, 0x37, 0x65, 0x87, 0x40, 0xD6, 0x86, 0x13, 0x06, 0x46, 0x72, 0x13, 0x05, 
0x45, 0x7B, 0x97, 0x10, 0x79, 0xFF, 0xE7, 0x80, 0x20, 0xB6, 0xFD, 0x59, 0x51, 0xB7, 0x21, 0x3C, 
0xAA, 0x85, 0x37, 0x66, 0x87, 0x40, 0x37, 0x75, 0x87, 0x40, 0xDA, 0x86, 0x13, 0x06, 0x46, 0x72, 
0x13, 0x05, 0x85, 0x83, 0x97, 0x10, 0x79, 0xFF, 0xE7, 0x80, 0x00, 0xB4, 0xFD, 0x59, 0x02, 0x59, 
0x42, 0x4B, 0xB9, 0xBF, 0x41, 0x11, 0x06, 0xC6, 0x97, 0x10, 0x79, 0xFF, 0xE7, 0x80, 0x80, 0xC4, 
0x05, 0x47, 0x63, 0x0F, 0xE5, 0x00, 0xAA, 0x87, 0x09, 0x47, 0x19, 0x65, 0x3A, 0x95, 0x63, 0x86, 
0xE7, 0x00, 0xB3, 0x37, 0xF0, 0x00, 0x33, 0x05, 0xF0, 0x40, 0xB2, 0x40, 0x41, 0x01, 0x82, 0x80, 
0xB2, 0x40, 0x19, 0x65, 0x05, 0x05, 0x41, 0x01, 0x82, 0x80, 0x01, 0x11, 0x22, 0xCC, 0x13, 0xB4, 
0x16, 0x00, 0x33, 0x04, 0x80, 0x40, 0x11, 0x98, 0x13, 0x04, 0x04, 0x02, 0xB3, 0x77, 0x85, 0x02, 
0x26, 0xCA, 0x06, 0xCE, 0xAA, 0x84, 0xF9, 0xE7, 0xB3, 0x77, 0x86, 0x02, 0x52, 0xC4, 0x32, 0x8A, 
0xD1, 0xEF, 0x4E, 0xC6, 0x93, 0xF7, 0x35, 0x00, 0xAE, 0x89, 0xAD, 0xE7, 0x4A, 0xC8, 0x36, 0x89, 
0xEF, 0xF0, 0xAF, 0xB1, 0x31, 0xE1, 0x52, 0x86, 0xCE, 0x85, 0x26, 0x85, 0x63, 0x16, 0x09, 0x04, 
0x97, 0x10, 0x79, 0xFF, 0xE7, 0x80, 0x80, 0xBD, 0x2A, 0x87, 0x99, 0x67, 0x85, 0x46, 0x33, 0x85, 
0xD7, 0x00, 0x63, 0x03, 0xD7, 0x02, 0x89, 0x46, 0x33, 0x85, 0xD7, 0x00, 0x63, 0x0E, 0xD7, 0x00, 
0xF2, 0x40, 0x62, 0x44, 0x33, 0x37, 0xE0, 0x00, 0x42, 0x49, 0xB2, 0x49, 0x22, 0x4A, 0xD2, 0x44, 
0x33, 0x05, 0xE0, 0x40, 0x05, 0x61, 0x82, 0x80, 0x42, 0x49, 0xB2, 0x49, 0x22, 0x4A, 0xF2, 0x40, 
0x62, 0x44, 0xD2, 0x44, 0x05, 0x61, 0x82, 0x80, 0x97, 0x10, 0x79, 0xFF, 0xE7, 0x80, 0x80, 0xB5, 
0x2A, 0x87, 0x65, 0xBF, 0xEF, 0xF0, 0x3F, 0x92, 0xAA, 0x85, 0x37, 0x66, 0x87, 0x40, 0x37, 0x75, 
0x87, 0x40, 0xCE, 0x86, 0x13, 0x06, 0x46, 0x72, 0x13, 0x05, 0xC5, 0x9C, 0x97, 0x10, 0x79, 0xFF, 
0xE7, 0x80, 0x80, 0xA4, 0x7D, 0x55, 0xB2, 0x49, 0x22, 0x4A, 0xD1, 0xB7, 0xEF, 0xF0, 0xBF, 0x8F, 
0xAA, 0x85, 0x37, 0x66, 0x87, 0x40, 0x37, 0x75, 0x87, 0x40, 0xD2, 0x86, 0x22, 0x87, 0x13, 0x06, 
0x46, 0x72, 0x13, 0x05, 0x85, 0x98, 0x97, 0x10, 0x79, 0xFF, 0xE7, 0x80, 0xE0, 0xA1, 0x7D, 0x55, 
0x22, 0x4A, 0x71, 0xBF, 0xEF, 0xF0, 0x3F, 0x8D, 0xAA, 0x85, 0x37, 0x66, 0x87, 0x40, 0x37, 0x75, 
0x87, 0x40, 0x22, 0x87, 0xA6, 0x86, 0x13, 0x06, 0x46, 0x72, 0x13, 0x05, 0x05, 0x94, 0x97, 0x10, 
0x79, 0xFF, 0xE7, 0x80, 0x60, 0x9F, 0x7D, 0x55, 0x9D, 0xBF, 0x01, 0x48, 0x81, 0x47, 0x01, 0x47, 
0x81, 0x46, 0x01, 0x46, 0x81, 0x45, 0x11, 0x45, 0x6F, 0xF0, 0x0F, 0x82, 0xB7, 0x27, 0x00, 0x60, 
0x93, 0x87, 0x07, 0x00, 0x9C, 0x47, 0x01, 0x45, 0x13, 0x97, 0x77, 0x00, 0x63, 0x47, 0x07, 0x00, 
0x13, 0x97, 0xB7, 0x00, 0x05, 0x45, 0x63, 0x53, 0x07, 0x00, 0x82, 0x80, 0x13, 0x97, 0x87, 0x00, 
0x09, 0x45, 0xE3, 0x4C, 0x07, 0xFE, 0x13, 0x97, 0x17, 0x01, 0x0D, 0x45, 0xE3, 0x47, 0x07, 0xFE, 
0x09, 0x67, 0xF9, 0x8F, 0x13, 0xB5, 0x17, 0x00, 0x11, 0x05, 0x82, 0x80, 0x01, 0x11, 0x06, 0xCE, 
0x31, 0xC9, 0x26, 0xCA, 0x4A, 0xC8, 0x4E, 0xC6, 0x52, 0xC4, 0xB7, 0x34, 0x0B, 0x60, 0xAA, 0x89, 
0x33, 0x0A, 0xB5, 0x00, 0x93, 0x84, 0x84, 0x80, 0x13, 0x09, 0xF0, 0x4F, 0x8D, 0xC5, 0x22, 0xCC, 
0x80, 0x40, 0x73, 0x27, 0x20, 0x7E, 0x9C, 0x40, 0x3D, 0x8C, 0xF3, 0x27, 0x20, 0x7E, 0x99, 0x8F, 
0xE3, 0x7B, 0xF9, 0xFE, 0xEF, 0xF0, 0xAF, 0xFF, 0x21, 0x8D, 0x23, 0x80, 0xA9, 0x00, 0x85, 0x09, 
0xE3, 0x10, 0x3A, 0xFF, 0x62, 0x44, 0xF2, 0x40, 0xD2, 0x44, 0x42, 0x49, 0xB2, 0x49, 0x22, 0x4A, 
0x05, 0x61, 0x82, 0x80, 0xB7, 0x66, 0x87, 0x40, 0x37, 0x76, 0x87, 0x40, 0x37, 0x65, 0x87, 0x40, 
0x93, 0x86, 0x86, 0x6D, 0x13, 0x06, 0xC6, 0xDD, 0x13, 0x05, 0x05, 0x71, 0x93, 0x05, 0xF0, 0x02, 
0x22, 0xCC, 0x26, 0xCA, 0x4A, 0xC8, 0x4E, 0xC6, 0x52, 0xC4, 0xEF, 0x00, 0x90, 0x5C, 0x01, 0x11, 
0x22, 0xCC, 0x37, 0xE4, 0x00, 0x60, 0x06, 0xCE, 0x13, 0x04, 0x04, 0x00, 0x5C, 0x40, 0x37, 0x07, 
0x00, 0xFF, 0x7D, 0x17, 0xF9, 0x8F, 0x5C, 0xC0, 0x1C, 0x4C, 0xB7, 0x06, 0x00, 0x01, 0xFD, 0x16, 
0xD5, 0x8F, 0x1C, 0xCC, 0x03, 0x28, 0xC4, 0x01, 0x81, 0x47, 0x01, 0x47, 0x33, 0x68, 0xD8, 0x00, 
0x23, 0x2E, 0x04, 0x01, 0x8D, 0x46, 0x05, 0x46, 0x81, 0x45, 0x13, 0x05, 0x90, 0x06, 0xEF, 0xF0, 
0x4F, 0xE0, 0x81, 0x47, 0x01, 0x47, 0x9D, 0x46, 0x01, 0x46, 0x81, 0x45, 0x13, 0x05, 0x90, 0x06, 
0xEF, 0xF0, 0x2F, 0xDF, 0x81, 0x47, 0x01, 0x47, 0x8D, 0x46, 0x11, 0x46, 0x81, 0x45, 0x13, 0x05, 
0x90, 0x06, 0xEF, 0xF0, 0x0F, 0xDE, 0x81, 0x47, 0x01, 0x47, 0x9D, 0x46, 0x0D, 0x46, 0x81, 0x45, 
0x13, 0x05, 0x90, 0x06, 0xEF, 0xF0, 0xEF, 0xDC, 0x81, 0x47, 0x01, 0x47, 0x85, 0x46, 0x1D, 0x46, 
0x81, 0x45, 0x13, 0x05, 0x90, 0x06, 0xEF, 0xF0, 0xCF, 0xDB, 0x0D, 0x47, 0xBA, 0x86, 0x81, 0x47, 
0x1D, 0x46, 0x81, 0x45, 0x13, 0x05, 0x90, 0x06, 0xEF, 0xF0, 0xAF, 0xDA, 0x11, 0x47, 0xBA, 0x86, 
0x81, 0x47, 0x1D, 0x46, 0x81, 0x45, 0x13, 0x05, 0x90, 0x06, 0xEF, 0xF0, 0x8F, 0xD9, 0x19, 0x47, 
0xBA, 0x86, 0x81, 0x47, 0x1D, 0x46, 0x81, 0x45, 0x13, 0x05, 0x90, 0x06, 0xEF, 0xF0, 0x6F, 0xD8, 
0xB7, 0x67, 0x09, 0x60, 0x93, 0x87, 0x07, 0x00, 0x03, 0xA7, 0x47, 0x08, 0xB7, 0x16, 0xF0, 0xFF, 
0xFD, 0x16, 0x3A, 0xC6, 0x32, 0x47, 0x91, 0x65, 0x7D, 0x76, 0x75, 0x8F, 0x4D, 0x8F, 0x3A, 0xC6, 
0x32, 0x47, 0x13, 0x06, 0xF6, 0x03, 0xB7, 0x06, 0xD0, 0xFF, 0x23, 0xA2, 0xE7, 0x08, 0x03, 0xA7, 
0x47, 0x08, 0xFD, 0x16, 0x71, 0x8F, 0x23, 0xA2, 0xE7, 0x08, 0x03, 0xA7, 0x47, 0x08, 0x13, 0x77, 
0x07, 0xFC, 0x23, 0xA2, 0xE7, 0x08, 0x03, 0xA7, 0x47, 0x08, 0x75, 0x8F, 0x23, 0xA2, 0xE7, 0x08, 
0x1C, 0x40, 0x93, 0xE7, 0x07, 0x04, 0x1C, 0xC0, 0xF2, 0x40, 0x62, 0x44, 0x05, 0x61, 0x82, 0x80, 
0x01, 0x11, 0x37, 0x68, 0x09, 0x60, 0x06, 0xCE, 0x22, 0xCC, 0x13, 0x08, 0x08, 0x00, 0x83, 0x27, 
0x08, 0x08, 0xB7, 0x06, 0x40, 0x00, 0x37, 0x07, 0xD0, 0xFF, 0x93, 0xE7, 0x27, 0x00, 0x23, 0x20, 
0xF8, 0x08, 0x83, 0x27, 0x08, 0x08, 0x7D, 0x17, 0x37, 0xE4, 0x00, 0x60, 0xF5, 0x9B, 0x23, 0x20, 
0xF8, 0x08, 0x83, 0x27, 0x08, 0x08, 0x13, 0x04, 0x04, 0x00, 0x37, 0x1E, 0xF0, 0xFF, 0x93, 0xE7, 
0x87, 0x00, 0x23, 0x20, 0xF8, 0x08, 0x83, 0x27, 0x08, 0x08, 0x7D, 0x1E, 0xFD, 0x7E, 0xDD, 0x9B, 
0x23, 0x20, 0xF8, 0x08, 0x83, 0x27, 0x08, 0x08, 0x93, 0x8E, 0xFE, 0x03, 0xB7, 0x08, 0x0B, 0x60, 
0x93, 0xE7, 0x47, 0x00, 0x23, 0x20, 0xF8, 0x08, 0x83, 0x27, 0x48, 0x08, 0x37, 0x03, 0x00, 0xFC, 
0x7D, 0x13, 0xD5, 0x8F, 0x23, 0x22, 0xF8, 0x08, 0x83, 0x27, 0x48, 0x08, 0x37, 0x0F, 0x00, 0x08, 
0xB7, 0x0F, 0x00, 0x04, 0xF9, 0x8F, 0x23, 0x22, 0xF8, 0x08, 0x18, 0x40, 0x89, 0x47, 0x85, 0x46, 
0x13, 0x67, 0x07, 0x04, 0x18, 0xC0, 0x03, 0x26, 0x48, 0x08, 0x01, 0x47, 0x81, 0x45, 0x32, 0xC4, 
0x22, 0x45, 0x1D, 0x46, 0x33, 0x75, 0xC5, 0x01, 0x2A, 0xC4, 0x22, 0x4E, 0x13, 0x05, 0x90, 0x06, 
0x23, 0x22, 0xC8, 0x09, 0x03, 0x2E, 0x48, 0x08, 0x33, 0x7E, 0xDE, 0x01, 0x23, 0x22, 0xC8, 0x09, 
0x03, 0x2E, 0x48, 0x08, 0x13, 0x7E, 0x0E, 0xFC, 0x23, 0x22, 0xC8, 0x09, 0x03, 0xA8, 0x48, 0x15, 
0x33, 0x78, 0x68, 0x00, 0x23, 0xAA, 0x08, 0x15, 0x03, 0xA8, 0x48, 0x15, 0x33, 0x68, 0xE8, 0x01, 
0x23, 0xAA, 0x08, 0x15, 0x03, 0xA8, 0x48, 0x15, 0x33, 0x68, 0xF8, 0x01, 0x23, 0xAA, 0x08, 0x15, 
0xEF, 0xF0, 0x2F, 0xC3, 0x0D, 0x47, 0xBA, 0x86, 0x85, 0x47, 0x1D, 0x46, 0x81, 0x45, 0x13, 0x05, 
0x90, 0x06, 0xEF, 0xF0, 0x0F, 0xC2, 0x11, 0x47, 0xBA, 0x86, 0x85, 0x47, 0x1D, 0x46, 0x81, 0x45, 
0x13, 0x05, 0x90, 0x06, 0xEF, 0xF0, 0xEF, 0xC0, 0x19, 0x47, 0xBA, 0x86, 0x85, 0x47, 0x1D, 0x46, 
0x81, 0x45, 0x13, 0x05, 0x90, 0x06, 0xEF, 0xF0, 0xCF, 0xBF, 0xA1, 0x47, 0x01, 0x47, 0x8D, 0x46, 
0x05, 0x46, 0x81, 0x45, 0x13, 0x05, 0x90, 0x06, 0xEF, 0xF0, 0xAF, 0xBE, 0x93, 0x07, 0x60, 0x06, 
0x01, 0x47, 0x9D, 0x46, 0x01, 0x46, 0x81, 0x45, 0x13, 0x05, 0x90, 0x06, 0xEF, 0xF0, 0x6F, 0xBD, 
0xA1, 0x47, 0x01, 0x47, 0x8D, 0x46, 0x11, 0x46, 0x81, 0x45, 0x13, 0x05, 0x90, 0x06, 0xEF, 0xF0, 
0x4F, 0xBC, 0x93, 0x07, 0x60, 0x06, 0x01, 0x47, 0x9D, 0x46, 0x0D, 0x46, 0x81, 0x45, 0x13, 0x05, 
0x90, 0x06, 0xEF, 0xF0, 0x0F, 0xBB, 0x1C, 0x4C, 0xB7, 0x06, 0x00, 0x01, 0x13, 0x86, 0xF6, 0xFF, 
0xB7, 0x05, 0x04, 0xFF, 0x18, 0x4C, 0xF1, 0x8F, 0xFD, 0x15, 0xED, 0x8F, 0xB7, 0x05, 0x94, 0x00, 
0xCD, 0x8F, 0x37, 0x05, 0x00, 0xFF, 0xF1, 0x8F, 0x69, 0x8F, 0xD9, 0x8F, 0x1C, 0xCC, 0x1C, 0x4C, 
0xB7, 0x15, 0xFC, 0xFF, 0x18, 0x4C, 0xF1, 0x8F, 0xFD, 0x15, 0xED, 0x8F, 0xB7, 0x55, 0x02, 0x00, 
0xCD, 0x8F, 0x69, 0x8F, 0xF1, 0x8F, 0xD9, 0x8F, 0x1C, 0xCC, 0x1C, 0x40, 0x37, 0x87, 0xFC, 0xFF, 
0x7D, 0x17, 0xF9, 0x8F, 0x21, 0x67, 0xD9, 0x8F, 0x1C, 0xC0, 0x1C, 0x40, 0x61, 0x76, 0x13, 0x06, 
0xF6, 0x07, 0x3E, 0xC6, 0xB2, 0x47, 0x37, 0x17, 0x00, 0xFF, 0x7D, 0x17, 0xF1, 0x8F, 0x93, 0xE7, 
0x07, 0x78, 0x3E, 0xC6, 0xB2, 0x47, 0x37, 0x86, 0x0C, 0x00, 0x1C, 0xC0, 0x5C, 0x40, 0xF9, 0x8F, 
0xD1, 0x8F, 0x5C, 0xC0, 0x5C, 0x40, 0xD5, 0x8F, 0x5C, 0xC0, 0xF2, 0x40, 0x62, 0x44, 0x05, 0x61, 
0x82, 0x80, 0x41, 0x11, 0x06, 0xC6, 0xF9, 0x57, 0x63, 0x04, 0xF5, 0x06, 0x22, 0xC4, 0xFD, 0x57, 
0x2A, 0x84, 0x63, 0x09, 0xF5, 0x02, 0xEF, 0xF0, 0x0F, 0xCA, 0xA2, 0x86, 0x22, 0x44, 0xB2, 0x40, 
0xAA, 0x85, 0x37, 0x67, 0x87, 0x40, 0x37, 0x56, 0x87, 0x40, 0x37, 0x65, 0x87, 0x40, 0x13, 0x07, 
0x47, 0x80, 0x13, 0x06, 0x06, 0x7D, 0x13, 0x05, 0xC5, 0x86, 0x41, 0x01, 0x17, 0x03, 0x79, 0xFF, 
0x67, 0x00, 0x83, 0x5B, 0xEF, 0xF0, 0x2F, 0xC7, 0x22, 0x44, 0xB2, 0x40, 0xAA, 0x85, 0xB7, 0x66, 
0x87, 0x40, 0x37, 0x56, 0x87, 0x40, 0x37, 0x65, 0x87, 0x40, 0x93, 0x86, 0x46, 0x80, 0x13, 0x06, 
0x06, 0x7D, 0x13, 0x05, 0x85, 0x81, 0x41, 0x01, 0x17, 0x03, 0x79, 0xFF, 0x67, 0x00, 0xC3, 0x58, 
0xEF, 0xF0, 0x6F, 0xC4, 0xB2, 0x40, 0xAA, 0x85, 0xB7, 0x66, 0x87, 0x40, 0x37, 0x56, 0x87, 0x40, 
0x37, 0x65, 0x87, 0x40, 0x93, 0x86, 0x46, 0x80, 0x13, 0x06, 0x06, 0x7D, 0x13, 0x05, 0x05, 0x84, 
0x41, 0x01, 0x17, 0x03, 0x79, 0xFF, 0x67, 0x00, 0x23, 0x56, 0x5C, 0x41, 0x99, 0xE3, 0x01, 0x45, 
0x82, 0x80, 0x41, 0x11, 0x22, 0xC4, 0x06, 0xC6, 0x2A, 0x84, 0xEF, 0x10, 0xE0, 0x61, 0x11, 0xC5, 
0x01, 0x45, 0xB2, 0x40, 0x22, 0x44, 0x41, 0x01, 0x82, 0x80, 0xEF, 0xF0, 0xCF, 0xBF, 0x14, 0x40, 
0xAA, 0x85, 0x37, 0x56, 0x87, 0x40, 0x37, 0x65, 0x87, 0x40, 0x13, 0x06, 0x06, 0x7D, 0x13, 0x05, 
0x85, 0x89, 0x97, 0x00, 0x79, 0xFF, 0xE7, 0x80, 0x20, 0x52, 0x05, 0x45, 0xD9, 0xBF, 0x63, 0xC7, 
0x05, 0x00, 0xB7, 0x57, 0x87, 0x40, 0x83, 0xC7, 0x07, 0x61, 0x91, 0xE3, 0x82, 0x80, 0x79, 0x71, 
0x71, 0x46, 0x22, 0xD4, 0x26, 0xD2, 0x2E, 0x84, 0xAA, 0x84, 0x93, 0x05, 0xF0, 0x0F, 0x48, 0x00, 
0x06, 0xD6, 0x4A, 0xD0, 0x97, 0x10, 0x79, 0xFF, 0xE7, 0x80, 0x00, 0x97, 0x89, 0x47, 0x05, 0x04, 
0x0A, 0x85, 0x3E, 0xCC, 0x22, 0xC0, 0xEF, 0xF0, 0xAF, 0xCC, 0x2A, 0xCE, 0xEF, 0xE0, 0x1F, 0xAC, 
0x03, 0xA9, 0x04, 0x00, 0xAA, 0x84, 0x13, 0x55, 0xC9, 0x00, 0xEF, 0xF0, 0xBF, 0x99, 0x2A, 0x84, 
0x11, 0xE9, 0xA6, 0x86, 0x8A, 0x85, 0x4A, 0x85, 0x13, 0x06, 0x00, 0x02, 0xEF, 0xF0, 0xFF, 0x9B, 
0x2A, 0x84, 0x29, 0xC5, 0xEF, 0xF0, 0x2F, 0xB7, 0xAA, 0x85, 0xA2, 0x86, 0x37, 0x65, 0x87, 0x40, 
0x37, 0x54, 0x87, 0x40, 0x13, 0x06, 0x04, 0x7D, 0x13, 0x05, 0x05, 0x8D, 0x97, 0x00, 0x79, 0xFF, 
0xE7, 0x80, 0x80, 0x49, 0xEF, 0xF0, 0x2F, 0xB5, 0x82, 0x46, 0xAA, 0x85, 0x37, 0x65, 0x87, 0x40, 
0x13, 0x06, 0x04, 0x7D, 0x13, 0x05, 0xC5, 0x90, 0x97, 0x00, 0x79, 0xFF, 0xE7, 0x80, 0xC0, 0x47, 
0xB2, 0x50, 0x22, 0x54, 0x92, 0x54, 0x02, 0x59, 0x45, 0x61, 0x82, 0x80, 0x37, 0x54, 0x87, 0x40, 
0xD1, 0xBF, 0x5D, 0x71, 0x86, 0xC6, 0xA6, 0xC2, 0xA2, 0xC4, 0xAA, 0x84, 0xCA, 0xC0, 0x4E, 0xDE, 
0x52, 0xDC, 0x56, 0xDA, 0x5A, 0xD8, 0x5E, 0xD6, 0x62, 0xD4, 0x66, 0xD2, 0x6A, 0xD0, 0xEF, 0xF0, 
0x8F, 0xB0, 0xAA, 0x85, 0x37, 0x56, 0x87, 0x40, 0x37, 0x65, 0x87, 0x40, 0x13, 0x06, 0x06, 0x7D, 
0x13, 0x05, 0x05, 0x94, 0x97, 0x00, 0x79, 0xFF, 0xE7, 0x80, 0x00, 0x43, 0x09, 0x3E, 0x01, 0x45, 
0xEF, 0x00, 0x70, 0x14, 0x83, 0xC5, 0x54, 0x00, 0x02, 0xC4, 0x02, 0xC6, 0x02, 0xC8, 0x02, 0xCA, 
0x02, 0xCC, 0x02, 0xCE, 0x63, 0x89, 0x05, 0x16, 0x93, 0x87, 0xC4, 0x01, 0x13, 0x86, 0xC4, 0x09, 
0x01, 0x44, 0x01, 0x47, 0x37, 0x03, 0x00, 0xBE, 0xB7, 0x08, 0x00, 0x01, 0x05, 0x45, 0x13, 0x09, 
0x81, 0x00, 0x93, 0x03, 0x01, 0x01, 0x93, 0x02, 0x81, 0x01, 0x03, 0xA8, 0x07, 0x00, 0xB3, 0x06, 
0x68, 0x00, 0x63, 0xF6, 0x16, 0x03, 0x63, 0x4E, 0x85, 0x10, 0x83, 0x2F, 0x06, 0x00, 0x03, 0xAE, 
0x47, 0x00, 0x93, 0x16, 0x24, 0x00, 0x33, 0x8F, 0x26, 0x01, 0xB3, 0x8E, 0x76, 0x00, 0x96, 0x96, 
0x05, 0x04, 0x23, 0x20, 0xFF, 0x01, 0x23, 0xA0, 0x0E, 0x01, 0x23, 0xA0, 0xC6, 0x01, 0x05, 0x07, 
0xA1, 0x07, 0x11, 0x06, 0xE3, 0x13, 0xB7, 0xFC, 0x89, 0x47, 0x63, 0x16, 0xF4, 0x10, 0x03, 0xAA, 
0x84, 0x00, 0xA2, 0x85, 0x83, 0xA4, 0x44, 0x10, 0x05, 0x45, 0x22, 0x4C, 0xC2, 0x4B, 0xE2, 0x4A, 
0x32, 0x4B, 0xD2, 0x49, 0x72, 0x49, 0xEF, 0x10, 0x10, 0x0C, 0xC1, 0x67, 0x63, 0x8B, 0xF4, 0x00, 
0xA1, 0x67, 0x63, 0x80, 0xF4, 0x0E, 0x91, 0x67, 0x63, 0x86, 0xF4, 0x00, 0x89, 0x67, 0x63, 0x8B, 
0xF4, 0x0E, 0x01, 0x44, 0x37, 0x27, 0x00, 0x60, 0x13, 0x07, 0x47, 0x38, 0x1C, 0x43, 0x0E, 0x04, 
0xB3, 0x0C, 0x90, 0x40, 0x9D, 0x9B, 0xC1, 0x8F, 0x1C, 0xC3, 0xEF, 0x10, 0x40, 0x61, 0xDE, 0x9A, 
0x33, 0x7C, 0x9C, 0x01, 0xB3, 0xFB, 0x9B, 0x01, 0x33, 0x87, 0x7A, 0x41, 0xE2, 0x86, 0x5E, 0x86, 
0x5C, 0x00, 0x85, 0x45, 0x01, 0x45, 0x02, 0xC2, 0x37, 0x0D, 0x00, 0x43, 0xEF, 0x10, 0x40, 0x61, 
0xE2, 0x86, 0x5C, 0x00, 0x26, 0x87, 0x33, 0x06, 0x9D, 0x40, 0x85, 0x45, 0x01, 0x45, 0xEF, 0x10, 
0x20, 0x60, 0x33, 0x84, 0x29, 0x01, 0xB3, 0xF9, 0x99, 0x01, 0xB3, 0x76, 0x9B, 0x01, 0x5C, 0x00, 
0x33, 0x07, 0x34, 0x41, 0x4E, 0x86, 0x85, 0x45, 0x01, 0x45, 0xEF, 0x10, 0x60, 0x5E, 0xB7, 0x06, 
0x00, 0x42, 0xFD, 0x1A, 0x63, 0xE2, 0xDB, 0x08, 0x63, 0xF0, 0xAA, 0x09, 0xB7, 0x87, 0x0C, 0x60, 
0xD8, 0x43, 0x91, 0x07, 0x7D, 0x14, 0x79, 0x9B, 0x98, 0xC3, 0x98, 0x43, 0x75, 0x9B, 0x98, 0xC3, 
0x63, 0xE4, 0xD9, 0x06, 0x63, 0x72, 0xA4, 0x07, 0x98, 0x43, 0x89, 0x45, 0x05, 0x45, 0x79, 0x9B, 
0x98, 0xC3, 0x98, 0x43, 0x75, 0x9B, 0x98, 0xC3, 0xEF, 0x10, 0xF0, 0x05, 0xEF, 0x00, 0xC0, 0x76, 
0x02, 0x9A, 0xB7, 0x66, 0x87, 0x40, 0x37, 0x76, 0x87, 0x40, 0x37, 0x65, 0x87, 0x40, 0x93, 0x86, 
0x46, 0x9C, 0x13, 0x06, 0x86, 0xD2, 0x13, 0x05, 0xC5, 0x9A, 0x93, 0x05, 0x40, 0x34, 0xEF, 0x00, 
0x40, 0x75, 0x05, 0x44, 0x05, 0xBF, 0xB7, 0x66, 0x87, 0x40, 0x37, 0x76, 0x87, 0x40, 0x37, 0x65, 
0x87, 0x40, 0x93, 0x86, 0x46, 0x97, 0x13, 0x06, 0x86, 0xD2, 0x13, 0x05, 0xC5, 0x9A, 0x93, 0x05, 
0xB0, 0x34, 0x05, 0x2F, 0x0D, 0x44, 0x39, 0xB7, 0xEF, 0x00, 0xA0, 0x74, 0x41, 0x11, 0x26, 0xC2, 
0xAA, 0x84, 0x08, 0x41, 0x06, 0xC6, 0x21, 0xC9, 0x4A, 0xC0, 0x2E, 0x89, 0xCC, 0x40, 0x22, 0xC4, 
0x09, 0x64, 0x63, 0xE8, 0x85, 0x04, 0xEF, 0xF0, 0x8F, 0xC7, 0x2A, 0x84, 0x25, 0xC9, 0xAA, 0x85, 
0x13, 0x06, 0x00, 0x02, 0x4A, 0x85, 0x97, 0x00, 0x79, 0xFF, 0xE7, 0x80, 0x20, 0x6D, 0x85, 0x65, 
0xA2, 0x95, 0x13, 0x05, 0x09, 0x02, 0x13, 0x06, 0x00, 0x02, 0x97, 0x00, 0x79, 0xFF, 0xE7, 0x80, 
0xE0, 0x6B, 0x22, 0x85, 0xEF, 0xF0, 0xEF, 0xD2, 0x22, 0x44, 0x02, 0x49, 0x01, 0x45, 0xB2, 0x40, 
0x92, 0x44, 0x41, 0x01, 0x82, 0x80, 0xB2, 0x40, 0x92, 0x44, 0x13, 0x05, 0x50, 0x10, 0x41, 0x01, 
0x82, 0x80, 0xEF, 0xF0, 0x4F, 0x8D, 0xD4, 0x40, 0xAA, 0x85, 0x37, 0x56, 0x87, 0x40, 0x37, 0x65, 
0x87, 0x40, 0x22, 0x87, 0x13, 0x06, 0x06, 0x7D, 0x13, 0x05, 0x45, 0x9D, 0x97, 0x00, 0x79, 0xFF, 
0xE7, 0x80, 0x80, 0x1F, 0x22, 0x44, 0x02, 0x49, 0x7D, 0x55, 0xD1, 0xB7, 0xEF, 0xF0, 0xAF, 0x8A, 
0xD8, 0x40, 0x94, 0x40, 0xAA, 0x85, 0x37, 0x56, 0x87, 0x40, 0x37, 0x65, 0x87, 0x40, 0x13, 0x06, 
0x06, 0x7D, 0x13, 0x05, 0x05, 0xA2, 0x97, 0x00, 0x79, 0xFF, 0xE7, 0x80, 0xE0, 0x1C, 0xD9, 0xBF, 
0x5D, 0x71, 0x85, 0x65, 0x5E, 0xD6, 0x93, 0x85, 0x05, 0xC0, 0xAA, 0x8B, 0x21, 0x65, 0x86, 0xC6, 
0xEF, 0xF0, 0xEF, 0xBC, 0x63, 0x0C, 0x05, 0x22, 0x70, 0x08, 0x85, 0x45, 0xA6, 0xC2, 0x56, 0xDA, 
0xAA, 0x8A, 0xEF, 0x10, 0x00, 0x28, 0xAA, 0x84, 0x63, 0x19, 0x05, 0x1A, 0x52, 0xDC, 0xEF, 0xF0, 
0x8F, 0x85, 0xAA, 0x85, 0x37, 0x5A, 0x87, 0x40, 0x37, 0x65, 0x87, 0x40, 0x13, 0x06, 0x0A, 0x7D, 
0x13, 0x05, 0x05, 0xB9, 0x97, 0x00, 0x79, 0xFF, 0xE7, 0x80, 0x00, 0x18, 0xEF, 0xF0, 0xAF, 0x83, 
0xAA, 0x85, 0x37, 0x65, 0x87, 0x40, 0x13, 0x06, 0x0A, 0x7D, 0x13, 0x05, 0x05, 0xBB, 0x97, 0x00, 
0x79, 0xFF, 0xE7, 0x80, 0x60, 0x16, 0xF2, 0x47, 0x63, 0x57, 0xF0, 0x0A, 0xA2, 0xC4, 0x4E, 0xDE, 
0x5A, 0xD8, 0x62, 0xD4, 0x66, 0xD2, 0x6A, 0xD0, 0xCA, 0xC0, 0x13, 0x84, 0xCA, 0x00, 0x37, 0x6B, 
0x87, 0x40, 0x89, 0x49, 0x05, 0x4C, 0x8D, 0x4C, 0x13, 0x0D, 0x00, 0x02, 0xA1, 0xA8, 0xE9, 0xCF, 
0x83, 0x47, 0x74, 0xFF, 0x63, 0x81, 0x37, 0x1F, 0x63, 0xE7, 0xF9, 0x0E, 0x63, 0x82, 0x07, 0x1E, 
0x37, 0x69, 0x87, 0x40, 0x13, 0x09, 0x09, 0xA6, 0xEF, 0xE0, 0xFF, 0xFD, 0x83, 0x27, 0xC4, 0xFF, 
0x83, 0x48, 0x74, 0xFF, 0x03, 0x48, 0x64, 0xFF, 0x3E, 0xC2, 0x03, 0x27, 0x84, 0xFF, 0xAA, 0x85, 
0xCA, 0x87, 0x3A, 0xC0, 0xA6, 0x86, 0x22, 0x87, 0x13, 0x06, 0x0A, 0x7D, 0x13, 0x05, 0x8B, 0xBF, 
0x97, 0x00, 0x79, 0xFF, 0xE7, 0x80, 0x40, 0x0F, 0xF2, 0x47, 0x85, 0x04, 0x13, 0x04, 0x04, 0x02, 
0x63, 0xD4, 0xF4, 0x02, 0x83, 0x47, 0x64, 0xFF, 0x63, 0x84, 0x37, 0x07, 0xE3, 0xF1, 0xF9, 0xFA, 
0x63, 0x9B, 0x97, 0x05, 0x83, 0x47, 0x74, 0xFF, 0xD5, 0xC3, 0x63, 0x96, 0x87, 0x05, 0x37, 0x69, 
0x87, 0x40, 0x13, 0x09, 0x89, 0xAF, 0x4D, 0xB7, 0x26, 0x44, 0x06, 0x49, 0xF2, 0x59, 0x42, 0x5B, 
0x22, 0x5C, 0x92, 0x5C, 0x02, 0x5D, 0x56, 0x85, 0xEF, 0xF0, 0xAF, 0xBA, 0xEF, 0xE0, 0xBF, 0xF6, 
0xAA, 0x85, 0x37, 0x65, 0x87, 0x40, 0x13, 0x06, 0x0A, 0x7D, 0x13, 0x05, 0xC5, 0xC2, 0x97, 0x00, 
0x79, 0xFF, 0xE7, 0x80, 0x60, 0x09, 0xB6, 0x40, 0x96, 0x44, 0x62, 0x5A, 0xD2, 0x5A, 0xB2, 0x5B, 
0x05, 0x45, 0x61, 0x61, 0x82, 0x80, 0x37, 0x69, 0x87, 0x40, 0x13, 0x09, 0x49, 0xA9, 0xA9, 0xBF, 
0x83, 0x47, 0x74, 0xFF, 0x63, 0x8E, 0x87, 0x0B, 0x63, 0x87, 0x37, 0x0B, 0xED, 0xF7, 0x37, 0x69, 
0x87, 0x40, 0x13, 0x09, 0x89, 0xA6, 0x89, 0xB7, 0x83, 0x47, 0x74, 0xFF, 0xB1, 0xCB, 0x63, 0x8C, 
0xA7, 0x03, 0x13, 0xF7, 0x07, 0xFF, 0xC1, 0x46, 0x63, 0x01, 0xD7, 0x0A, 0x37, 0x69, 0x87, 0x40, 
0x13, 0x09, 0x09, 0xAB, 0x15, 0xB7, 0x11, 0x47, 0x63, 0x89, 0xE7, 0x10, 0x15, 0x47, 0x63, 0x9A, 
0xE7, 0x0A, 0x37, 0x69, 0x87, 0x40, 0x13, 0x09, 0x89, 0xAD, 0x39, 0xB7, 0x37, 0x69, 0x87, 0x40, 
0x13, 0x09, 0xC9, 0xA7, 0x11, 0xB7, 0x83, 0x27, 0x84, 0xFF, 0x37, 0x69, 0x87, 0x40, 0x13, 0x09, 
0x49, 0xA5, 0x23, 0xA8, 0xFB, 0x00, 0x83, 0x27, 0xC4, 0xFF, 0x23, 0xAA, 0xFB, 0x00, 0xED, 0xB5, 
0x83, 0x27, 0x84, 0xFF, 0x37, 0x69, 0x87, 0x40, 0x13, 0x09, 0xC9, 0xA9, 0x23, 0xA4, 0xFB, 0x00, 
0x83, 0x27, 0xC4, 0xFF, 0x23, 0xA6, 0xFB, 0x00, 0xC1, 0xBD, 0xEF, 0xE0, 0xDF, 0xEA, 0xAA, 0x85, 
0x37, 0x56, 0x87, 0x40, 0x37, 0x65, 0x87, 0x40, 0x13, 0x06, 0x06, 0x7D, 0x13, 0x05, 0x05, 0xB6, 
0x97, 0x00, 0x79, 0xFF, 0xE7, 0x80, 0x40, 0xFD, 0x96, 0x44, 0xD2, 0x5A, 0x01, 0x45, 0xB6, 0x40, 
0xB2, 0x5B, 0x61, 0x61, 0x82, 0x80, 0x37, 0x69, 0x87, 0x40, 0x13, 0x09, 0xC9, 0xB0, 0x69, 0xBD, 
0x37, 0x69, 0x87, 0x40, 0x13, 0x09, 0x09, 0xB2, 0x41, 0xBD, 0x03, 0x27, 0x84, 0xFF, 0xBD, 0x8B, 
0x8E, 0x07, 0xDE, 0x97, 0x98, 0xCF, 0x83, 0x26, 0xC4, 0xFF, 0x03, 0xA7, 0x8B, 0x09, 0x37, 0x69, 
0x87, 0x40, 0xD4, 0xCF, 0x93, 0x07, 0x17, 0x00, 0x23, 0xAC, 0xFB, 0x08, 0x13, 0x09, 0x89, 0xAA, 
0xA5, 0xB5, 0x37, 0x69, 0x87, 0x40, 0x13, 0x09, 0x89, 0xAC, 0xB9, 0xBD, 0xEF, 0xE0, 0xBF, 0xE3, 
0xAA, 0x85, 0x05, 0x67, 0x37, 0x56, 0x87, 0x40, 0x37, 0x65, 0x87, 0x40, 0x13, 0x07, 0x07, 0xC0, 
0x13, 0x06, 0x06, 0x7D, 0x13, 0x05, 0x05, 0xB3, 0xA1, 0x66, 0x97, 0x00, 0x79, 0xFF, 0xE7, 0x80, 
0xA0, 0xF5, 0x01, 0x45, 0x69, 0xB7, 0x37, 0x69, 0x87, 0x40, 0x13, 0x09, 0xC9, 0xAE, 0x2D, 0xB5, 
0x83, 0x27, 0x84, 0xFF, 0x37, 0x69, 0x87, 0x40, 0x13, 0x09, 0xC9, 0xAB, 0x23, 0xA0, 0xFB, 0x00, 
0x83, 0x27, 0xC4, 0xFF, 0x23, 0xA2, 0xFB, 0x00, 0x01, 0xBD, 0x37, 0x69, 0x87, 0x40, 0x13, 0x09, 
0x09, 0xAE, 0x19, 0xB5, 0x1C, 0x41, 0x5D, 0x71, 0x86, 0xC6, 0xA2, 0xC4, 0x63, 0x84, 0x07, 0x0E, 
0x8A, 0x85, 0xA6, 0xC2, 0xAA, 0x84, 0x59, 0x39, 0x2A, 0x84, 0x79, 0xED, 0xCA, 0xC0, 0x0A, 0x85, 
0x37, 0x59, 0x87, 0x40, 0x23, 0x08, 0x09, 0x60, 0xEF, 0xE0, 0x7F, 0xEF, 0x3D, 0xE9, 0x83, 0xA7, 
0x84, 0x09, 0xBD, 0xEF, 0x9C, 0x44, 0xD1, 0xEF, 0xEF, 0xE0, 0xFF, 0xDA, 0xAA, 0x85, 0x37, 0x56, 
0x87, 0x40, 0x37, 0x65, 0x87, 0x40, 0x13, 0x06, 0x06, 0x7D, 0x13, 0x05, 0xC5, 0xC7, 0x97, 0x00, 
0x79, 0xFF, 0xE7, 0x80, 0x60, 0xED, 0x02, 0x47, 0xFD, 0x57, 0x63, 0x10, 0xF7, 0x02, 0x02, 0x57, 
0xFD, 0x57, 0x63, 0x19, 0xF7, 0x02, 0x85, 0x47, 0x23, 0x08, 0xF9, 0x60, 0x96, 0x44, 0x06, 0x49, 
0xB6, 0x40, 0x22, 0x85, 0x26, 0x44, 0x61, 0x61, 0x82, 0x80, 0xF2, 0x44, 0x0A, 0x85, 0xEF, 0xE0, 
0x3F, 0xE9, 0xE3, 0x9E, 0xA4, 0xFC, 0x96, 0x44, 0x06, 0x49, 0xB6, 0x40, 0x22, 0x85, 0x26, 0x44, 
0x61, 0x61, 0x82, 0x80, 0xF2, 0x54, 0x08, 0x10, 0xEF, 0xE0, 0x9F, 0xE7, 0xE3, 0x95, 0xA4, 0xFC, 
0xDD, 0xB7, 0x08, 0x10, 0xEF, 0xE0, 0xBF, 0xE7, 0x51, 0xF5, 0x83, 0xA7, 0x84, 0x09, 0xD9, 0xD3, 
0x0A, 0x85, 0xEF, 0xE0, 0x3F, 0xE8, 0xFD, 0x57, 0x63, 0x04, 0xF5, 0x04, 0x16, 0x05, 0x0A, 0x95, 
0x00, 0x41, 0x83, 0xA7, 0x84, 0x09, 0x06, 0x49, 0x7D, 0x14, 0x33, 0x74, 0xF4, 0x02, 0x96, 0x44, 
0x6D, 0xBF, 0xEF, 0xE0, 0x5F, 0xD1, 0xAA, 0x85, 0x37, 0x56, 0x87, 0x40, 0x37, 0x65, 0x87, 0x40, 
0x13, 0x06, 0x06, 0x7D, 0x13, 0x05, 0x05, 0xC5, 0x97, 0x00, 0x79, 0xFF, 0xE7, 0x80, 0xC0, 0xE3, 
0x96, 0x44, 0x06, 0x49, 0x7D, 0x54, 0xAD, 0xBF, 0x96, 0x44, 0x13, 0x04, 0xD0, 0xF9, 0x8D, 0xBF, 
0x9C, 0x44, 0x85, 0xC7, 0xEF, 0xE0, 0x3F, 0xCE, 0xAA, 0x85, 0x37, 0x56, 0x87, 0x40, 0x37, 0x65, 
0x87, 0x40, 0x13, 0x06, 0x06, 0x7D, 0x13, 0x05, 0x85, 0xCA, 0x97, 0x00, 0x79, 0xFF, 0xE7, 0x80, 
0xA0, 0xE0, 0x7D, 0x54, 0x96, 0x44, 0x06, 0x49, 0xA1, 0xB7, 0xEF, 0xE0, 0xDF, 0xCB, 0xAA, 0x85, 
0x37, 0x56, 0x87, 0x40, 0x37, 0x65, 0x87, 0x40, 0x13, 0x06, 0x06, 0x7D, 0x13, 0x05, 0xC5, 0xCE, 
0x97, 0x00, 0x79, 0xFF, 0xE7, 0x80, 0x40, 0xDE, 0x7D, 0x54, 0x96, 0x44, 0x06, 0x49, 0x0D, 0xB7, 
0x41, 0x11, 0x06, 0xC6, 0x95, 0x2C, 0x13, 0x05, 0x80, 0x3E, 0x97, 0x00, 0x79, 0xFF, 0xE7, 0x80, 
0x20, 0xDE, 0x97, 0x00, 0x79, 0xFF, 0xE7, 0x80, 0xA0, 0xE2, 0x01, 0xA0, 0x69, 0x71, 0x23, 0x20, 
0x21, 0x13, 0x23, 0x2E, 0x31, 0x11, 0x23, 0x2A, 0x51, 0x11, 0xAA, 0x89, 0x2E, 0x89, 0x28, 0x00, 
0x13, 0x06, 0x80, 0x10, 0x81, 0x45, 0xF9, 0x5A, 0x23, 0x26, 0x11, 0x12, 0x23, 0x24, 0x81, 0x12, 
0x23, 0x22, 0x91, 0x12, 0x23, 0x2C, 0x41, 0x11, 0x23, 0x28, 0x61, 0x11, 0x97, 0x00, 0x79, 0xFF, 
0xE7, 0x80, 0x80, 0x20, 0x63, 0x02, 0x59, 0x13, 0x93, 0x14, 0x39, 0x00, 0x7D, 0x5A, 0xCE, 0x94, 
0x4A, 0x84, 0x63, 0x47, 0x49, 0x03, 0x3D, 0x4B, 0x63, 0x0D, 0x44, 0x01, 0x63, 0x66, 0x8B, 0x00, 
0x83, 0xA7, 0x89, 0x09, 0x63, 0x4F, 0xF4, 0x06, 0x02, 0xC2, 0x7D, 0x14, 0xE1, 0x14, 0xE3, 0x17, 
0x44, 0xFF, 0x83, 0xA7, 0xC9, 0x00, 0x03, 0xA7, 0x89, 0x00, 0x3E, 0xC2, 0x3A, 0xC0, 0xBD, 0xE7, 
0x03, 0xA7, 0x89, 0x09, 0x13, 0x04, 0x19, 0x00, 0x63, 0x54, 0xE4, 0x02, 0x93, 0x14, 0x39, 0x00, 
0xCE, 0x94, 0x7D, 0x59, 0x79, 0x5A, 0xBD, 0x4A, 0x63, 0x07, 0x24, 0x09, 0x63, 0x0A, 0x44, 0x09, 
0x63, 0xF3, 0x8A, 0x06, 0x02, 0xC0, 0x02, 0xC2, 0x05, 0x04, 0xA1, 0x04, 0xE3, 0x46, 0xE4, 0xFE, 
0x13, 0x85, 0x09, 0x01, 0x2C, 0x00, 0xEF, 0xF0, 0x4F, 0xFB, 0x63, 0x0D, 0x05, 0x0C, 0xEF, 0xE0, 
0x9F, 0xBC, 0xAA, 0x85, 0x37, 0x56, 0x87, 0x40, 0x37, 0x65, 0x87, 0x40, 0x13, 0x06, 0x06, 0x7D, 
0x13, 0x05, 0xC5, 0xD7, 0x97, 0x00, 0x79, 0xFF, 0xE7, 0x80, 0x00, 0xCF, 0x28, 0x00, 0xEF, 0xF0, 
0x5F, 0x88, 0xDC, 0x4C, 0x98, 0x4C, 0x3E, 0xC2, 0x3A, 0xC0, 0xC1, 0xD3, 0x2C, 0x00, 0x0A, 0x85, 
0xEF, 0x00, 0x90, 0x5A, 0x39, 0xC1, 0x22, 0x85, 0x7D, 0x14, 0xEF, 0xF0, 0x8F, 0xED, 0xE1, 0x14, 
0xE3, 0x1C, 0x54, 0xF5, 0xB5, 0xBF, 0x94, 0x50, 0xDC, 0x50, 0x36, 0xC0, 0x3E, 0xC2, 0xC9, 0xDF, 
0x2C, 0x00, 0x0A, 0x85, 0xEF, 0x00, 0x50, 0x58, 0x0D, 0xC1, 0x22, 0x85, 0xEF, 0xF0, 0x6F, 0xEB, 
0x03, 0xA7, 0x89, 0x09, 0x51, 0xB7, 0x83, 0xA6, 0x89, 0x00, 0x83, 0xA7, 0xC9, 0x00, 0xF1, 0xBF, 
0x83, 0xA6, 0x09, 0x01, 0x83, 0xA7, 0x49, 0x01, 0xC9, 0xBF, 0xEF, 0xE0, 0xDF, 0xB4, 0x82, 0x46, 
0xAA, 0x85, 0x37, 0x56, 0x87, 0x40, 0x37, 0x65, 0x87, 0x40, 0x13, 0x06, 0x06, 0x7D, 0x13, 0x05, 
0x85, 0x89, 0x97, 0x00, 0x79, 0xFF, 0xE7, 0x80, 0x20, 0xC7, 0xA2, 0x85, 0x4E, 0x85, 0xEF, 0xF0, 
0x0F, 0xF5, 0x28, 0x00, 0xEF, 0xF0, 0xEF, 0xFF, 0x13, 0x85, 0x09, 0x01, 0x2C, 0x00, 0xEF, 0xF0, 
0xCF, 0xEF, 0x65, 0xF9, 0xEF, 0xE0, 0x3F, 0xB1, 0xAA, 0x85, 0x37, 0x56, 0x87, 0x40, 0x37, 0x65, 
0x87, 0x40, 0x13, 0x06, 0x06, 0x7D, 0x13, 0x05, 0xC5, 0xD3, 0x97, 0x00, 0x79, 0xFF, 0xE7, 0x80, 
0xA0, 0xC3, 0xB9, 0x3D, 0xEF, 0xE0, 0x3F, 0xAF, 0xAA, 0x85, 0x37, 0x56, 0x87, 0x40, 0x37, 0x65, 
0x87, 0x40, 0x13, 0x06, 0x06, 0x7D, 0x13, 0x05, 0x05, 0xDC, 0x97, 0x00, 0x79, 0xFF, 0xE7, 0x80, 
0xA0, 0xC1, 0x13, 0x06, 0x80, 0x10, 0x81, 0x45, 0x28, 0x00, 0x97, 0x00, 0x79, 0xFF, 0xE7, 0x80, 
0xA0, 0x08, 0x3D, 0x35, 0x82, 0x80, 0x41, 0x11, 0x06, 0xC6, 0x22, 0xC4, 0x97, 0x00, 0x79, 0xFF, 
0xE7, 0x80, 0x40, 0x34, 0x37, 0x54, 0x87, 0x40, 0x13, 0x05, 0x44, 0x63, 0x89, 0x45, 0x97, 0x00, 
0x79, 0xFF, 0xE7, 0x80, 0xE0, 0x33, 0xB2, 0x40, 0x13, 0x05, 0x44, 0x63, 0x22, 0x44, 0x41, 0x01, 
0x82, 0x80, 0x11, 0xC9, 0x37, 0x55, 0x87, 0x40, 0x13, 0x05, 0x45, 0x63, 0x81, 0x46, 0x17, 0x03, 
0x79, 0xFF, 0x67, 0x00, 0xA3, 0x32, 0xB7, 0x66, 0x87, 0x40, 0x37, 0x76, 0x87, 0x40, 0x37, 0x65, 
0x87, 0x40, 0x41, 0x11, 0x93, 0x86, 0x46, 0x3D, 0x13, 0x06, 0xC6, 0xD8, 0x13, 0x05, 0xC5, 0x40, 
0xFD, 0x45, 0x06, 0xC6, 0xB9, 0x20, 0x05, 0xC1, 0x37, 0x55, 0x87, 0x40, 0x13, 0x05, 0x45, 0x63, 
0x89, 0xC5, 0x17, 0x03, 0x79, 0xFF, 0x67, 0x00, 0xA3, 0x2F, 0x13, 0x06, 0x80, 0x0D, 0x17, 0x03, 
0x79, 0xFF, 0x67, 0x00, 0x63, 0x00, 0xB7, 0x66, 0x87, 0x40, 0x37, 0x76, 0x87, 0x40, 0x37, 0x65, 
0x87, 0x40, 0x41, 0x11, 0x93, 0x86, 0x46, 0x3D, 0x13, 0x06, 0x06, 0xD7, 0x13, 0x05, 0xC5, 0x40, 
0x93, 0x05, 0x50, 0x02, 0x06, 0xC6, 0x31, 0x20, 0x01, 0x45, 0x17, 0x03, 0x79, 0xFF, 0x67, 0x00, 
0x63, 0xBA, 0x2E, 0x88, 0xB7, 0x57, 0x87, 0x40, 0x41, 0x11, 0xB2, 0x85, 0x36, 0x87, 0x2A, 0x86, 
0xC2, 0x86, 0x13, 0x85, 0x87, 0x78, 0x06, 0xC6, 0x97, 0x00, 0x79, 0xFF, 0xE7, 0x80, 0xC0, 0xB3, 
0x01, 0xA0, 0x37, 0x55, 0x87, 0x40, 0x41, 0x11, 0x93, 0x85, 0xD0, 0xFF, 0x13, 0x05, 0xC5, 0x7A, 
0x06, 0xC6, 0x97, 0x00, 0x79, 0xFF, 0xE7, 0x80, 0x20, 0xB2, 0xEF, 0x10, 0x30, 0x13, 0x11, 0xC1, 
0x02, 0x90, 0x01, 0xA0, 0x09, 0xC9, 0xB7, 0x37, 0x0B, 0x60, 0x03, 0xA7, 0xC7, 0xC0, 0x6D, 0x9B, 
0x23, 0xA6, 0xE7, 0xC0, 0x82, 0x80, 0xB7, 0x66, 0x87, 0x40, 0x37, 0x76, 0x87, 0x40, 0x37, 0x65, 
0x87, 0x40, 0x41, 0x11, 0x93, 0x86, 0x06, 0x42, 0x13, 0x06, 0x46, 0xDA, 0x13, 0x05, 0x85, 0x45, 
0xB9, 0x45, 0x06, 0xC6, 0x79, 0x37, 0x82, 0x80, 0x75, 0x71, 0x1C, 0x41, 0x03, 0x28, 0xC5, 0x0D, 
0x22, 0xC5, 0x06, 0xC7, 0xAA, 0x88, 0x2A, 0xD2, 0x03, 0x45, 0x55, 0x00, 0x33, 0x84, 0x07, 0x01, 
0x2E, 0xDA, 0x32, 0xDC, 0x22, 0xDE, 0x63, 0x01, 0x05, 0x5E, 0x93, 0x87, 0xC8, 0x01, 0x3E, 0xD0, 
0x93, 0x87, 0xC8, 0x09, 0x26, 0xC3, 0x4A, 0xC1, 0xCE, 0xDE, 0xD2, 0xDC, 0xD6, 0xDA, 0xDA, 0xD8, 
0xDE, 0xD6, 0xE2, 0xD4, 0xE6, 0xD2, 0xEA, 0xD0, 0xEE, 0xCE, 0xB6, 0x89, 0xBA, 0x84, 0x3E, 0xD8, 
0x02, 0xCE, 0x37, 0x59, 0x87, 0x40, 0x82, 0x55, 0x85, 0x46, 0x21, 0x46, 0x22, 0x85, 0xEF, 0xE0, 
0x5F, 0xDB, 0x63, 0x13, 0x05, 0x2C, 0x63, 0x86, 0x09, 0x00, 0x82, 0x55, 0x21, 0x46, 0x4E, 0x85, 
0x4D, 0x35, 0x82, 0x57, 0x03, 0xAB, 0x47, 0x00, 0x93, 0x77, 0x3B, 0x00, 0x63, 0x9B, 0x07, 0x1E, 
0xB7, 0x07, 0x00, 0x01, 0x63, 0x77, 0xFB, 0x1E, 0x82, 0x57, 0x13, 0x07, 0x84, 0x00, 0x3A, 0xD6, 
0x83, 0xAB, 0x07, 0x00, 0xB7, 0x07, 0x00, 0xBE, 0x33, 0x8A, 0xFB, 0x00, 0xF2, 0x47, 0x63, 0x8F, 
0x07, 0x1E, 0x92, 0x57, 0x83, 0xA7, 0x47, 0x10, 0x37, 0x07, 0x00, 0x01, 0x63, 0x73, 0xEA, 0x20, 
0x32, 0x57, 0x33, 0x77, 0xF7, 0x02, 0xB3, 0xF7, 0xFB, 0x02, 0x63, 0x1A, 0xF7, 0x32, 0xE2, 0x57, 
0x63, 0x99, 0x07, 0x44, 0xD2, 0x57, 0x63, 0x8E, 0x07, 0x42, 0xEF, 0xE0, 0xFF, 0xC2, 0x2A, 0xD4, 
0x01, 0x4A, 0x63, 0x0F, 0x0B, 0x0A, 0x32, 0x5C, 0x93, 0x17, 0x0C, 0x01, 0xC1, 0x83, 0x3E, 0xCC, 
0xE2, 0x47, 0x33, 0x34, 0xF0, 0x00, 0xA2, 0x57, 0x63, 0x7E, 0xF4, 0x20, 0x33, 0x84, 0x87, 0x40, 
0x93, 0x57, 0x04, 0x01, 0x42, 0x04, 0x63, 0x92, 0x07, 0x14, 0x63, 0x73, 0x8B, 0x00, 0x5A, 0x84, 
0x63, 0x13, 0x0A, 0x14, 0xC9, 0xC0, 0xA2, 0x85, 0x62, 0x85, 0xEF, 0xE0, 0x5F, 0xBF, 0xAA, 0x8A, 
0x63, 0x0E, 0x05, 0x50, 0x13, 0x0D, 0x89, 0x61, 0x31, 0xA0, 0xA1, 0x45, 0x13, 0x05, 0x89, 0x61, 
0xEF, 0xF0, 0xCF, 0x82, 0x83, 0x27, 0x0D, 0x00, 0xED, 0xDB, 0x83, 0x27, 0x4D, 0x00, 0xF5, 0xD7, 
0xF2, 0x47, 0x95, 0xE3, 0x92, 0x57, 0x9C, 0x43, 0x99, 0xCF, 0x37, 0x57, 0x87, 0x40, 0x83, 0x26, 
0x47, 0x61, 0x63, 0x8A, 0xD7, 0x00, 0x83, 0xD5, 0x2A, 0x0B, 0x03, 0xD5, 0x0A, 0x0B, 0xEF, 0xE0, 
0x9F, 0xA5, 0x63, 0x14, 0x05, 0x2C, 0xD6, 0x8D, 0x81, 0x4C, 0x63, 0x0C, 0x04, 0x18, 0x03, 0xA6, 
0x0D, 0x00, 0x81, 0xC4, 0x94, 0x40, 0xB1, 0x8E, 0x94, 0xC0, 0x63, 0x13, 0x0A, 0x08, 0x63, 0x85, 
0x09, 0x00, 0x93, 0xF6, 0xFC, 0x3F, 0xDD, 0xC6, 0x91, 0x0C, 0x91, 0x0D, 0xE3, 0xE1, 0x8C, 0xFE, 
0x56, 0x85, 0xEF, 0xE0, 0x1F, 0xC6, 0x33, 0x0B, 0x8B, 0x40, 0x22, 0x9C, 0xE3, 0x16, 0x0B, 0xF4, 
0x42, 0x57, 0xB2, 0x56, 0x02, 0x56, 0x92, 0x57, 0xF2, 0x45, 0x14, 0xC3, 0x40, 0x42, 0x11, 0x07, 
0x83, 0xC7, 0x57, 0x00, 0x85, 0x05, 0x3A, 0xD8, 0x13, 0x07, 0x86, 0x00, 0x2E, 0xCE, 0x3A, 0xD0, 
0x36, 0x94, 0xE3, 0xC2, 0xF5, 0xEA, 0x92, 0x57, 0x9A, 0x44, 0x0A, 0x49, 0x9C, 0x43, 0xF6, 0x59, 
0x66, 0x5A, 0xD6, 0x5A, 0x46, 0x5B, 0xB6, 0x5B, 0x26, 0x5C, 0x96, 0x5C, 0x06, 0x5D, 0xF6, 0x4D, 
0x63, 0x64, 0xF4, 0x3A, 0x92, 0x56, 0x72, 0x56, 0xBA, 0x40, 0x03, 0xA7, 0xC6, 0x0D, 0x81, 0x47, 
0x3E, 0x85, 0x11, 0x8F, 0x22, 0x97, 0x2A, 0x44, 0x23, 0xAE, 0xE6, 0x0C, 0x49, 0x61, 0x82, 0x80, 
0x93, 0xF6, 0x4C, 0x00, 0x33, 0x85, 0x9B, 0x01, 0x8D, 0xC2, 0x83, 0x26, 0x0D, 0x00, 0x91, 0x0C, 
0x91, 0x0D, 0xB1, 0x8E, 0x14, 0xC1, 0xE3, 0xFD, 0x8C, 0xF6, 0x03, 0xA6, 0x0D, 0x00, 0xB9, 0xF8, 
0x93, 0xF6, 0x4C, 0x00, 0x33, 0x85, 0x9B, 0x01, 0xED, 0xF2, 0x83, 0x26, 0x4D, 0x00, 0xB1, 0x8E, 
0x14, 0xC1, 0xB1, 0xB7, 0x33, 0x06, 0x94, 0x41, 0x93, 0x07, 0x00, 0x40, 0x63, 0xF3, 0xC7, 0x00, 
0x3E, 0x86, 0xEE, 0x85, 0x4E, 0x85, 0xF1, 0x39, 0x81, 0xB7, 0x63, 0x15, 0x0A, 0x00, 0xA9, 0xD8, 
0x5A, 0x84, 0xD1, 0xB5, 0x5A, 0x84, 0xA2, 0x85, 0x62, 0x85, 0xEF, 0xE0, 0x5F, 0xAB, 0xAA, 0x8A, 
0x63, 0x0E, 0x05, 0x3C, 0xE3, 0x90, 0x04, 0xEC, 0xE3, 0x9E, 0x09, 0xEA, 0xAA, 0x85, 0x22, 0x86, 
0x5E, 0x85, 0x97, 0x00, 0x79, 0xFF, 0xE7, 0x80, 0x60, 0xD0, 0x56, 0x85, 0xEF, 0xE0, 0x7F, 0xB7, 
0x19, 0xBF, 0xD2, 0x57, 0x63, 0x88, 0x07, 0x14, 0x9A, 0x44, 0x0A, 0x49, 0xF6, 0x59, 0x66, 0x5A, 
0xD6, 0x5A, 0x46, 0x5B, 0xB6, 0x5B, 0x26, 0x5C, 0x96, 0x5C, 0x06, 0x5D, 0xF6, 0x4D, 0xBA, 0x40, 
0x2A, 0x44, 0x89, 0x67, 0x89, 0x07, 0x3E, 0x85, 0x49, 0x61, 0x82, 0x80, 0x92, 0x57, 0x9C, 0x43, 
0xF1, 0xE7, 0x12, 0x57, 0xC1, 0x67, 0x23, 0x22, 0xF7, 0x10, 0x37, 0x07, 0x00, 0x01, 0xE3, 0x61, 
0xEA, 0xE0, 0xE2, 0x57, 0x63, 0x99, 0x07, 0x16, 0xD2, 0x57, 0xE3, 0x98, 0x07, 0xE0, 0xEF, 0xE0, 
0x8F, 0xEE, 0xB7, 0x77, 0x87, 0x40, 0xAA, 0x85, 0x93, 0x87, 0xC7, 0xAF, 0x32, 0x57, 0xF2, 0x46, 
0x37, 0x66, 0x87, 0x40, 0x37, 0x65, 0x87, 0x40, 0x3E, 0xC0, 0x13, 0x06, 0x86, 0xF8, 0xDA, 0x88, 
0x5A, 0x88, 0xDE, 0x87, 0x13, 0x05, 0x05, 0x0C, 0x97, 0xF0, 0x78, 0xFF, 0xE7, 0x80, 0xC0, 0x7F, 
0xE9, 0xBB, 0x56, 0x85, 0xEF, 0xE0, 0xFF, 0xAE, 0xE2, 0x47, 0x33, 0x34, 0xF0, 0x00, 0xA2, 0x57, 
0xE3, 0x66, 0xF4, 0xDE, 0xEF, 0xE0, 0x2F, 0xEA, 0xAA, 0x85, 0x37, 0x66, 0x87, 0x40, 0x37, 0x65, 
0x87, 0x40, 0x13, 0x06, 0x86, 0xF8, 0x13, 0x05, 0x85, 0x1E, 0x97, 0xF0, 0x78, 0xFF, 0xE7, 0x80, 
0xA0, 0x7C, 0x93, 0x07, 0x10, 0x10, 0x1D, 0xA0, 0x2A, 0xCC, 0xEF, 0xE0, 0xCF, 0xE7, 0xAA, 0x85, 
0x37, 0x66, 0x87, 0x40, 0x37, 0x65, 0x87, 0x40, 0xA2, 0x86, 0x13, 0x06, 0x86, 0xF8, 0x13, 0x05, 
0x45, 0xF9, 0x97, 0xF0, 0x78, 0xFF, 0xE7, 0x80, 0x20, 0x7A, 0xE2, 0x47, 0xBA, 0x40, 0x2A, 0x44, 
0x9A, 0x44, 0x0A, 0x49, 0xF6, 0x59, 0x66, 0x5A, 0xD6, 0x5A, 0x46, 0x5B, 0xB6, 0x5B, 0x26, 0x5C, 
0x96, 0x5C, 0x06, 0x5D, 0xF6, 0x4D, 0x3E, 0x85, 0x49, 0x61, 0x82, 0x80, 0x37, 0x57, 0x87, 0x40, 
0x03, 0x27, 0x47, 0x61, 0xE3, 0x87, 0xE7, 0xF2, 0x85, 0x46, 0x11, 0x46, 0xEC, 0x00, 0x13, 0x05, 
0x84, 0x00, 0x82, 0xC4, 0x82, 0xC6, 0xEF, 0xE0, 0xDF, 0xA8, 0xAA, 0x87, 0x61, 0xF1, 0x13, 0x05, 
0xC4, 0x0B, 0x85, 0x46, 0x11, 0x46, 0xAC, 0x00, 0xEF, 0xE0, 0xBF, 0xA7, 0xAA, 0x87, 0x5D, 0xF5, 
0x83, 0x47, 0x81, 0x04, 0xB6, 0x46, 0x37, 0x57, 0xCD, 0xAB, 0xBE, 0xC4, 0x13, 0x07, 0x27, 0x43, 
0x63, 0x92, 0xE6, 0x2C, 0x63, 0x9B, 0x07, 0x20, 0x12, 0x57, 0xC1, 0x67, 0x23, 0x22, 0xF7, 0x10, 
0xC1, 0x67, 0xDD, 0xB1, 0xEF, 0xE0, 0x2F, 0xDE, 0xF2, 0x47, 0x12, 0x57, 0xAA, 0x85, 0x8E, 0x07, 
0xBA, 0x97, 0x94, 0x53, 0x37, 0x66, 0x87, 0x40, 0x37, 0x65, 0x87, 0x40, 0x13, 0x06, 0x86, 0xF8, 
0x13, 0x05, 0xC5, 0xFC, 0x97, 0xF0, 0x78, 0xFF, 0xE7, 0x80, 0x00, 0x70, 0x71, 0xB5, 0xD2, 0x57, 
0xE3, 0x94, 0x07, 0xE8, 0xEF, 0xE0, 0x2F, 0xDB, 0xB2, 0x57, 0xF2, 0x46, 0xAA, 0x85, 0x37, 0x66, 
0x87, 0x40, 0x37, 0x65, 0x87, 0x40, 0x5E, 0x87, 0x13, 0x06, 0x86, 0xF8, 0x13, 0x05, 0x45, 0x07, 
0x97, 0xF0, 0x78, 0xFF, 0xE7, 0x80, 0x40, 0x6D, 0x85, 0xB5, 0x2A, 0xCC, 0x56, 0x85, 0xEF, 0xE0, 
0x5F, 0x9C, 0xE2, 0x47, 0x25, 0xB7, 0x01, 0x45, 0x97, 0xF0, 0x78, 0xFF, 0xE7, 0x80, 0xC0, 0x6A, 
0xB7, 0x07, 0x00, 0x10, 0xE3, 0xE2, 0xFB, 0xE8, 0x95, 0x47, 0x63, 0x02, 0xF5, 0x16, 0xD2, 0x57, 
0x63, 0x8D, 0x07, 0x0E, 0x63, 0x15, 0x0B, 0x00, 0xEF, 0xE0, 0x1F, 0x8B, 0x91, 0xB3, 0x33, 0x8A, 
0x6B, 0x01, 0x63, 0x8E, 0x4B, 0x11, 0x63, 0xDB, 0x4B, 0x1B, 0xB7, 0x07, 0x80, 0xBF, 0xDE, 0x97, 
0x37, 0x07, 0x08, 0x00, 0x63, 0xF7, 0xE7, 0x1E, 0xB7, 0x07, 0x80, 0xBF, 0xFD, 0x17, 0xD2, 0x97, 
0x63, 0xFD, 0xE7, 0x1E, 0x8A, 0x87, 0xE1, 0x76, 0x37, 0xE7, 0x87, 0x40, 0xB6, 0x97, 0x13, 0x07, 
0xF7, 0x60, 0x63, 0x45, 0xF7, 0x12, 0x63, 0x4C, 0x77, 0x03, 0x63, 0xDA, 0x47, 0x03, 0x37, 0x64, 
0x87, 0x40, 0x13, 0x04, 0x44, 0xF3, 0xEF, 0xE0, 0x0F, 0xD1, 0xF2, 0x46, 0xAA, 0x85, 0x37, 0x66, 
0x87, 0x40, 0x37, 0x65, 0x87, 0x40, 0x22, 0x88, 0xD2, 0x87, 0x5E, 0x87, 0x13, 0x06, 0x86, 0xF8, 
0x13, 0x05, 0x45, 0x1B, 0x97, 0xF0, 0x78, 0xFF, 0xE7, 0x80, 0x00, 0x63, 0x75, 0xBB, 0x37, 0x57, 
0x87, 0x40, 0xB7, 0x76, 0x87, 0x40, 0x13, 0x07, 0x07, 0x61, 0x93, 0x86, 0x86, 0xE4, 0x63, 0x5F, 
0xD7, 0x0C, 0x63, 0xD6, 0xDB, 0x04, 0x63, 0x41, 0x47, 0x03, 0x8A, 0x87, 0xE1, 0x75, 0x37, 0xE6, 
0x87, 0x40, 0xAE, 0x97, 0x13, 0x06, 0xF6, 0x60, 0x63, 0x42, 0xF6, 0x0C, 0x63, 0x54, 0x76, 0x05, 
0x63, 0xDF, 0xDB, 0x06, 0x63, 0x5D, 0x47, 0x07, 0x37, 0x64, 0x87, 0x40, 0x13, 0x04, 0x04, 0xF5, 
0x59, 0xBF, 0xEF, 0xE0, 0x4F, 0xCA, 0xB7, 0x67, 0x87, 0x40, 0xAA, 0x85, 0x93, 0x87, 0x47, 0xF8, 
0x75, 0xBB, 0x01, 0x45, 0x97, 0xF0, 0x78, 0xFF, 0xE7, 0x80, 0x00, 0x5C, 0x65, 0xB6, 0x8A, 0x87, 
0xE1, 0x75, 0x37, 0xE6, 0x87, 0x40, 0xAE, 0x97, 0x13, 0x06, 0xF6, 0x60, 0x63, 0x40, 0xF6, 0x08, 
0x63, 0x4F, 0x76, 0x03, 0xE3, 0xCD, 0x47, 0xF5, 0x65, 0xBF, 0xEF, 0xE0, 0xCF, 0xC6, 0x32, 0x57, 
0xF2, 0x46, 0xB7, 0x67, 0x87, 0x40, 0xAA, 0x85, 0x93, 0x87, 0x87, 0x10, 0x37, 0x66, 0x87, 0x40, 
0x37, 0x65, 0x87, 0x40, 0x3E, 0xC0, 0xDA, 0x88, 0x5A, 0x88, 0xDE, 0x87, 0x13, 0x06, 0x86, 0xF8, 
0x13, 0x05, 0x05, 0x0C, 0x97, 0xF0, 0x78, 0xFF, 0xE7, 0x80, 0x00, 0x58, 0xE1, 0xBD, 0xEF, 0xE0, 
0xAF, 0xF8, 0x2A, 0xD4, 0x62, 0x5A, 0x85, 0xB6, 0xD2, 0x57, 0xE3, 0x9A, 0x07, 0xD0, 0xEF, 0xE0, 
0x8F, 0xC2, 0xAA, 0x85, 0x37, 0x66, 0x87, 0x40, 0x37, 0x65, 0x87, 0x40, 0x13, 0x06, 0x86, 0xF8, 
0x13, 0x05, 0x85, 0x21, 0x97, 0xF0, 0x78, 0xFF, 0xE7, 0x80, 0x00, 0x55, 0xCD, 0xB9, 0xB7, 0x07, 
0x00, 0xB0, 0xDE, 0x97, 0x11, 0x67, 0xE3, 0xFC, 0xE7, 0xE8, 0x39, 0xB3, 0xB7, 0x66, 0x87, 0x40, 
0x37, 0x76, 0x87, 0x40, 0x37, 0x65, 0x87, 0x40, 0x93, 0x86, 0x46, 0x16, 0x13, 0x06, 0x86, 0xD3, 
0x13, 0x05, 0x05, 0x1A, 0xF9, 0x45, 0xEF, 0xF0, 0xDF, 0x9C, 0x92, 0x56, 0x05, 0x47, 0x33, 0x17, 
0xF7, 0x00, 0x23, 0xA2, 0xE6, 0x10, 0x41, 0x47, 0xE3, 0x84, 0xE7, 0xDE, 0xEF, 0xE0, 0xAF, 0xBC, 
0x12, 0x54, 0xAA, 0x85, 0x37, 0x66, 0x87, 0x40, 0x03, 0x27, 0x44, 0x10, 0x37, 0x65, 0x87, 0x40, 
0x13, 0x06, 0x86, 0xF8, 0x13, 0x05, 0x05, 0x03, 0xC1, 0x66, 0x97, 0xF0, 0x78, 0xFF, 0xE7, 0x80, 
0xA0, 0x4E, 0x83, 0x27, 0x44, 0x10, 0x4D, 0xB4, 0x72, 0x54, 0xD9, 0xB6, 0xB7, 0x66, 0x87, 0x40, 
0x37, 0x76, 0x87, 0x40, 0x37, 0x65, 0x87, 0x40, 0x93, 0x86, 0x06, 0x11, 0x13, 0x06, 0x86, 0xD5, 
0x13, 0x05, 0x05, 0x15, 0x93, 0x05, 0x30, 0x19, 0xEF, 0xF0, 0xBF, 0x96, 0xEF, 0xE0, 0xAF, 0xB7, 
0xAA, 0x85, 0x37, 0x66, 0x87, 0x40, 0x37, 0x65, 0x87, 0x40, 0x22, 0x87, 0xE2, 0x86, 0x13, 0x06, 
0x86, 0xF8, 0x13, 0x05, 0x05, 0xA2, 0x97, 0xF0, 0x78, 0xFF, 0xE7, 0x80, 0xE0, 0x49, 0xFD, 0x57, 
0xF5, 0xB9, 0xB7, 0x07, 0x00, 0xB0, 0xDE, 0x97, 0x11, 0x67, 0x63, 0xF8, 0xE7, 0x00, 0xB7, 0x07, 
0x00, 0xB0, 0xFD, 0x17, 0xD2, 0x97, 0xE3, 0xE4, 0xE7, 0xF0, 0x37, 0x64, 0x87, 0x40, 0x13, 0x04, 
0xC4, 0xF6, 0x15, 0xB5, 0xEF, 0xE0, 0x2F, 0xB3, 0xAA, 0x85, 0x37, 0x66, 0x87, 0x40, 0x37, 0x65, 
0x87, 0x40, 0x13, 0x06, 0x86, 0xF8, 0x13, 0x05, 0x85, 0xFF, 0x97, 0xF0, 0x78, 0xFF, 0xE7, 0x80, 
0xA0, 0x45, 0xFD, 0x57, 0x65, 0xB9, 0x19, 0x71, 0xA2, 0xDC, 0xCE, 0xD6, 0xD2, 0xD4, 0x86, 0xDE, 
0xA6, 0xDA, 0xCA, 0xD8, 0xD6, 0xD2, 0xDA, 0xD0, 0xDE, 0xCE, 0x89, 0x47, 0x2A, 0x8A, 0xAE, 0x89, 
0x32, 0x84, 0x63, 0xFD, 0xA7, 0x10, 0x93, 0x07, 0xF0, 0x0E, 0x02, 0xCE, 0x3E, 0xCC, 0x81, 0x44, 
0x81, 0x4A, 0x01, 0x4B, 0x81, 0x4B, 0x63, 0x01, 0x04, 0x12, 0x63, 0x8F, 0x09, 0x10, 0x03, 0xA9, 
0x09, 0x00, 0xE2, 0xCC, 0xE6, 0xCA, 0x83, 0xA7, 0x49, 0x00, 0x63, 0x03, 0x09, 0x02, 0x37, 0x57, 
0x87, 0x40, 0x03, 0x27, 0x47, 0x61, 0x63, 0x0D, 0xE9, 0x00, 0x63, 0x0B, 0x0B, 0x00, 0x37, 0x07, 
0x00, 0x01, 0xDA, 0x8C, 0x13, 0x0C, 0xC1, 0x01, 0x63, 0x66, 0xF7, 0x10, 0xEA, 0xC8, 0x01, 0xA8, 
0x37, 0x07, 0x00, 0x01, 0x63, 0x60, 0xF7, 0x10, 0xEA, 0xC8, 0x81, 0x4C, 0x01, 0x4C, 0x13, 0x06, 
0x80, 0x10, 0x81, 0x45, 0x22, 0x85, 0x97, 0x00, 0x79, 0xFF, 0xE7, 0x80, 0xE0, 0x84, 0x13, 0x0D, 
0x44, 0x00, 0x23, 0x20, 0x24, 0x01, 0x4A, 0x85, 0xEA, 0x85, 0x85, 0x46, 0x61, 0x46, 0xEF, 0xE0, 
0x4F, 0xEE, 0x2A, 0x89, 0x63, 0x15, 0x05, 0x16, 0x63, 0x86, 0x0A, 0x0E, 0xEE, 0xC6, 0x83, 0x47, 
0xB4, 0x01, 0x63, 0x88, 0x07, 0x24, 0x63, 0x06, 0x0C, 0x24, 0xEF, 0xF0, 0xCF, 0xF9, 0x23, 0x20, 
0xAC, 0x00, 0x72, 0x4C, 0x63, 0x05, 0x05, 0x3A, 0x61, 0x46, 0xEA, 0x85, 0xEF, 0xF0, 0x6F, 0xFB, 
0x03, 0x47, 0x44, 0x00, 0x93, 0x07, 0x90, 0x0E, 0x83, 0x2D, 0x04, 0x00, 0x63, 0x11, 0xF7, 0x28, 
0x81, 0x45, 0x63, 0x8A, 0x0D, 0x00, 0xB7, 0x57, 0x87, 0x40, 0x83, 0xA5, 0x47, 0x61, 0xB3, 0x85, 
0xB5, 0x41, 0xB3, 0x35, 0xB0, 0x00, 0x6A, 0x85, 0xEF, 0xE0, 0x0F, 0xD0, 0x15, 0xE5, 0x83, 0x47, 
0x54, 0x00, 0x41, 0x4D, 0x63, 0x69, 0xFD, 0x28, 0x13, 0x0D, 0xEA, 0xFF, 0x13, 0x3D, 0x2D, 0x00, 
0xE1, 0x47, 0x5E, 0x87, 0xA6, 0x85, 0x6A, 0x86, 0x23, 0x2E, 0xF4, 0x0C, 0xE2, 0x86, 0x22, 0x85, 
0xEF, 0xF0, 0x9F, 0x85, 0x63, 0x0A, 0x05, 0x36, 0xB6, 0x4D, 0x2A, 0x89, 0x63, 0x01, 0x0C, 0x0E, 
0x62, 0x85, 0x81, 0x45, 0xEF, 0xF0, 0x2F, 0xF8, 0x46, 0x4D, 0x91, 0xA0, 0x93, 0x07, 0xF0, 0x0E, 
0x93, 0x04, 0xF5, 0xFF, 0x85, 0x4A, 0x02, 0xCE, 0x3E, 0xCC, 0x93, 0xB4, 0x14, 0x00, 0x56, 0x8B, 
0x93, 0x0B, 0x81, 0x01, 0xE3, 0x13, 0x04, 0xEE, 0x13, 0x09, 0x20, 0x10, 0xF6, 0x50, 0x66, 0x54, 
0xD6, 0x54, 0xB6, 0x59, 0x26, 0x5A, 0x96, 0x5A, 0x06, 0x5B, 0xF6, 0x4B, 0x4A, 0x85, 0x46, 0x59, 
0x09, 0x61, 0x82, 0x80, 0x85, 0x47, 0x63, 0x1A, 0xFA, 0x06, 0x13, 0x09, 0x20, 0x10, 0x22, 0x85, 
0x13, 0x06, 0x80, 0x10, 0x81, 0x45, 0x97, 0xF0, 0x78, 0xFF, 0xE7, 0x80, 0xE0, 0x74, 0x66, 0x4C, 
0xD6, 0x4C, 0xE9, 0xB7, 0x13, 0x0D, 0xEA, 0xFF, 0x13, 0x3D, 0x2D, 0x00, 0xE1, 0x47, 0x5E, 0x87, 
0xA6, 0x85, 0x6A, 0x86, 0x23, 0x2E, 0xF4, 0x0C, 0x81, 0x46, 0x22, 0x85, 0xEF, 0xF0, 0xCF, 0xFC, 
0x63, 0x19, 0x05, 0x36, 0x01, 0x4C, 0x63, 0x1E, 0x0B, 0x04, 0x83, 0x27, 0xC4, 0x0D, 0x02, 0xD0, 
0x02, 0xD2, 0x93, 0x84, 0x07, 0x01, 0xC1, 0x98, 0x02, 0xD4, 0x02, 0xD6, 0x9D, 0x8C, 0x63, 0x0B, 
0x0C, 0x0A, 0x08, 0x40, 0x93, 0x0B, 0x01, 0x02, 0xDE, 0x85, 0x3E, 0x95, 0x85, 0x46, 0x26, 0x86, 
0xEF, 0xE0, 0x2F, 0xDA, 0x49, 0xC9, 0x2A, 0x89, 0xA1, 0xB7, 0xEF, 0xE0, 0xCF, 0x92, 0x83, 0xA6, 
0x49, 0x00, 0xAA, 0x85, 0x37, 0x66, 0x87, 0x40, 0x37, 0x65, 0x87, 0x40, 0x13, 0x06, 0x86, 0xF8, 
0x13, 0x05, 0x05, 0x24, 0x97, 0xF0, 0x78, 0xFF, 0xE7, 0x80, 0x00, 0x25, 0xBD, 0xB7, 0x46, 0x4D, 
0xBD, 0xB7, 0xEE, 0xC6, 0xE2, 0x4D, 0xEF, 0x10, 0x60, 0x05, 0x83, 0x27, 0xC4, 0x0D, 0x02, 0xD0, 
0x02, 0xD2, 0x93, 0x84, 0x07, 0x01, 0xC1, 0x98, 0x02, 0xD4, 0x02, 0xD6, 0x9D, 0x8C, 0x63, 0x18, 
0x05, 0x2E, 0x08, 0x40, 0x93, 0x0B, 0x01, 0x02, 0xDE, 0x85, 0x3E, 0x95, 0x85, 0x46, 0x26, 0x86, 
0xEF, 0xE0, 0x2F, 0xD4, 0xE3, 0x12, 0x05, 0xEE, 0x93, 0xD7, 0x0D, 0x01, 0x13, 0xDB, 0x8D, 0x01, 
0x33, 0x4B, 0xFB, 0x00, 0xB3, 0x87, 0x24, 0x00, 0x33, 0x4B, 0xBB, 0x01, 0x03, 0xC7, 0xF7, 0x01, 
0x93, 0xDD, 0x8D, 0x00, 0x33, 0x4B, 0xBB, 0x01, 0x13, 0x7B, 0xFB, 0x0F, 0x63, 0x14, 0x67, 0x0D, 
0x63, 0x0B, 0x0C, 0x1E, 0xB6, 0x4D, 0xDE, 0x85, 0x26, 0x86, 0x62, 0x85, 0xEF, 0xF0, 0x6F, 0xE0, 
0x83, 0x27, 0xC4, 0x0D, 0x83, 0x46, 0xB4, 0x01, 0xBE, 0x94, 0x23, 0x2E, 0x94, 0x0C, 0x83, 0xA9, 
0x49, 0x00, 0x99, 0xC6, 0x63, 0x97, 0x0A, 0x0A, 0x93, 0x84, 0x04, 0x02, 0x23, 0x2E, 0x94, 0x0C, 
0x63, 0xE6, 0x99, 0x0C, 0x63, 0x80, 0x0C, 0x08, 0x63, 0x07, 0x0C, 0x04, 0xEF, 0x00, 0x10, 0x7C, 
0x25, 0xED, 0x62, 0x85, 0x0C, 0x10, 0x02, 0xD0, 0x02, 0xD2, 0x02, 0xD4, 0x02, 0xD6, 0x02, 0xD8, 
0x02, 0xDA, 0x02, 0xDC, 0x02, 0xDE, 0xEF, 0xF0, 0x0F, 0xDF, 0x37, 0x66, 0x87, 0x40, 0x08, 0x10, 
0x13, 0x06, 0x06, 0x38, 0x93, 0x05, 0x00, 0x02, 0xEF, 0xF0, 0xCF, 0xD7, 0x93, 0x04, 0x04, 0x0E, 
0x0C, 0x10, 0x26, 0x85, 0x13, 0x06, 0x00, 0x02, 0x97, 0xF0, 0x78, 0xFF, 0xE7, 0x80, 0x80, 0x5F, 
0x63, 0x1E, 0x05, 0x1E, 0x02, 0xCE, 0x63, 0x17, 0x0D, 0x0C, 0x66, 0x4C, 0xD6, 0x4C, 0x46, 0x4D, 
0xB1, 0xBD, 0x03, 0x47, 0x44, 0x00, 0x93, 0x07, 0x90, 0x0E, 0x83, 0x2D, 0x04, 0x00, 0x01, 0x4C, 
0xE3, 0x08, 0xF7, 0xDC, 0x85, 0x47, 0x63, 0x17, 0xFA, 0x1A, 0xB6, 0x4D, 0x09, 0x69, 0x46, 0x4D, 
0x09, 0x09, 0xB1, 0xBD, 0xE3, 0x09, 0x0C, 0xFC, 0x62, 0x85, 0x81, 0x45, 0xEF, 0xF0, 0xAF, 0xD8, 
0x02, 0xCE, 0xD1, 0xB7, 0x85, 0x47, 0x63, 0x13, 0xFA, 0x16, 0xB6, 0x4D, 0x09, 0x69, 0x09, 0x09, 
0xF5, 0xB3, 0x08, 0x40, 0x85, 0x46, 0x13, 0x06, 0x00, 0x02, 0x26, 0x95, 0x93, 0x05, 0x04, 0x0E, 
0xEF, 0xE0, 0x2F, 0xC3, 0x63, 0x1A, 0x05, 0x18, 0x83, 0x24, 0xC4, 0x0D, 0x35, 0xBF, 0x85, 0x47, 
0x63, 0x1B, 0xFA, 0x10, 0x09, 0x69, 0xB6, 0x4D, 0x09, 0x09, 0xC9, 0xB3, 0x85, 0x47, 0xE3, 0x07, 
0xFA, 0xFC, 0xEF, 0xD0, 0x5F, 0xFA, 0xAA, 0x85, 0x37, 0x66, 0x87, 0x40, 0x37, 0x65, 0x87, 0x40, 
0x4E, 0x87, 0xA6, 0x86, 0x13, 0x06, 0x86, 0xF8, 0x13, 0x05, 0xC5, 0x33, 0x97, 0xF0, 0x78, 0xFF, 
0xE7, 0x80, 0x80, 0x0C, 0x65, 0xB7, 0x85, 0x47, 0xE3, 0x06, 0xFA, 0xFC, 0xEF, 0xD0, 0xBF, 0xF7, 
0x03, 0x47, 0x54, 0x00, 0xAA, 0x85, 0x37, 0x66, 0x87, 0x40, 0x37, 0x65, 0x87, 0x40, 0xEA, 0x87, 
0xEE, 0x86, 0x13, 0x06, 0x86, 0xF8, 0x13, 0x05, 0x85, 0x2C, 0x97, 0xF0, 0x78, 0xFF, 0xE7, 0x80, 
0xA0, 0x09, 0x4D, 0xB7, 0x37, 0x5D, 0x87, 0x40, 0x13, 0x0D, 0x8D, 0x61, 0x83, 0x27, 0x0D, 0x00, 
0x8D, 0xD7, 0x83, 0x27, 0x4D, 0x00, 0x95, 0xD3, 0x83, 0x47, 0x54, 0x00, 0x99, 0xDF, 0xEE, 0xC6, 
0x93, 0x0C, 0x04, 0x02, 0x81, 0x4D, 0x37, 0x0A, 0x00, 0xBE, 0xB7, 0x09, 0x00, 0x01, 0xB7, 0x0A, 
0x00, 0x10, 0x15, 0x4B, 0x37, 0x0C, 0x00, 0xB0, 0x91, 0x6B, 0x83, 0xA4, 0xCC, 0xFF, 0x01, 0x45, 
0x97, 0xF0, 0x78, 0xFF, 0xE7, 0x80, 0x40, 0x04, 0xB3, 0x87, 0x44, 0x01, 0x63, 0xE2, 0x37, 0x05, 
0x63, 0xE0, 0x54, 0x05, 0x63, 0x0A, 0x65, 0x03, 0x83, 0xA7, 0x0C, 0x00, 0x89, 0x83, 0x8D, 0xCB, 
0x81, 0x47, 0x21, 0xA8, 0x83, 0x26, 0x0D, 0x00, 0x35, 0x8F, 0x98, 0xC0, 0x03, 0xA7, 0x0C, 0x00, 
0x85, 0x07, 0x91, 0x04, 0x09, 0x83, 0x63, 0xFD, 0xE7, 0x00, 0x93, 0xF6, 0x17, 0x00, 0x98, 0x40, 
0xF5, 0xF2, 0x83, 0x26, 0x4D, 0x00, 0xCD, 0xB7, 0xB3, 0x87, 0x84, 0x01, 0xE3, 0xF6, 0x77, 0xFD, 
0x83, 0x47, 0x54, 0x00, 0x85, 0x0D, 0xA1, 0x0C, 0xE3, 0xC1, 0xFD, 0xFA, 0x66, 0x4C, 0xD6, 0x4C, 
0x46, 0x4D, 0xB6, 0x4D, 0xE5, 0xB9, 0x83, 0x27, 0xC4, 0x0D, 0xB6, 0x4D, 0x21, 0xBD, 0xB6, 0x4D, 
0x13, 0x09, 0x10, 0x10, 0x65, 0xB9, 0xEF, 0xD0, 0x1F, 0xEA, 0xAA, 0x85, 0x37, 0x66, 0x87, 0x40, 
0x37, 0x65, 0x87, 0x40, 0xEE, 0x86, 0x13, 0x06, 0x86, 0xF8, 0x13, 0x05, 0xC5, 0x27, 0x97, 0xF0, 
0x78, 0xFF, 0xE7, 0x80, 0x60, 0xFC, 0xF9, 0xB5, 0xB6, 0x4D, 0x31, 0xBB, 0x3A, 0xC6, 0xEF, 0xD0, 
0x9F, 0xE7, 0x32, 0x47, 0xAA, 0x85, 0x37, 0x66, 0x87, 0x40, 0x37, 0x65, 0x87, 0x40, 0xDA, 0x86, 
0x13, 0x06, 0x86, 0xF8, 0x13, 0x05, 0x45, 0x30, 0x97, 0xF0, 0x78, 0xFF, 0xE7, 0x80, 0xC0, 0xF9, 
0xB6, 0x4D, 0xAD, 0xBD, 0xEF, 0xD0, 0x3F, 0xE5, 0xAA, 0x85, 0x37, 0x66, 0x87, 0x40, 0x37, 0x65, 
0x87, 0x40, 0xEE, 0x86, 0x13, 0x06, 0x86, 0xF8, 0x13, 0x05, 0xC5, 0x27, 0x97, 0xF0, 0x78, 0xFF, 
0xE7, 0x80, 0x80, 0xF7, 0xB6, 0x4D, 0x1D, 0xBD, 0x2A, 0x89, 0x89, 0xB1, 0xEF, 0xD0, 0xBF, 0xE2, 
0xAA, 0x85, 0x37, 0x66, 0x87, 0x40, 0x37, 0x65, 0x87, 0x40, 0x13, 0x06, 0x86, 0xF8, 0x13, 0x05, 
0x05, 0x39, 0x97, 0xF0, 0x78, 0xFF, 0xE7, 0x80, 0x20, 0xF5, 0x37, 0x66, 0x87, 0x40, 0x26, 0x85, 
0x13, 0x06, 0x46, 0x3C, 0x93, 0x05, 0x00, 0x02, 0xEF, 0xF0, 0xCF, 0xB3, 0x01, 0xB5, 0xB6, 0x4D, 
0x7D, 0xB1, 0x46, 0x4D, 0x2A, 0x89, 0xA1, 0xB9, 0x2E, 0x86, 0xAA, 0x85, 0x09, 0x45, 0x6F, 0xF0, 
0x9F, 0xAD, 0xB7, 0x07, 0x88, 0x40, 0x83, 0xA7, 0xC7, 0xFE, 0x35, 0x71, 0x22, 0xCD, 0x26, 0xCB, 
0x4A, 0xC9, 0x4E, 0xC7, 0x52, 0xC5, 0x56, 0xC3, 0x5A, 0xC1, 0xDE, 0xDE, 0xE2, 0xDC, 0x06, 0xCF, 
0x15, 0x69, 0xBD, 0x6A, 0x03, 0xAB, 0x47, 0x00, 0x2A, 0x8A, 0xB2, 0x8B, 0x2E, 0x8C, 0x2A, 0x84, 
0x23, 0x20, 0x06, 0x00, 0x13, 0x09, 0xA9, 0x0A, 0x93, 0x8A, 0xBA, 0xBE, 0x81, 0x44, 0x01, 0x47, 
0x93, 0x09, 0x00, 0x06, 0xA9, 0xA0, 0x63, 0x95, 0x57, 0x07, 0x35, 0xEF, 0x97, 0xF0, 0x78, 0xFF, 
0xE7, 0x80, 0xC0, 0x5F, 0x13, 0x96, 0x54, 0x00, 0xD2, 0x85, 0x28, 0x08, 0x97, 0xF0, 0x78, 0xFF, 
0xE7, 0x80, 0x00, 0x5F, 0x2C, 0x08, 0x28, 0x00, 0x97, 0xF0, 0x78, 0xFF, 0xE7, 0x80, 0x80, 0x5E, 
0x2C, 0x00, 0x13, 0x05, 0x04, 0x01, 0x41, 0x46, 0x97, 0xF0, 0x78, 0xFF, 0xE7, 0x80, 0x80, 0x33, 
0x3D, 0xE1, 0x05, 0x47, 0x85, 0x04, 0x13, 0x04, 0x04, 0x02, 0x63, 0x8B, 0x34, 0x0F, 0x83, 0x57, 
0x04, 0x00, 0x28, 0x08, 0xE3, 0x99, 0x27, 0xFB, 0x5C, 0x40, 0x63, 0x66, 0xFB, 0x00, 0x14, 0x44, 
0xB6, 0x97, 0xE3, 0x71, 0xFB, 0xFE, 0x63, 0x12, 0x0C, 0x06, 0x13, 0x05, 0x40, 0x10, 0x05, 0xA0, 
0xDD, 0xC0, 0x14, 0x40, 0xFD, 0x57, 0x63, 0x90, 0xF6, 0x0A, 0x33, 0x87, 0xE4, 0x40, 0x23, 0xA0, 
0xEB, 0x00, 0x01, 0x45, 0x29, 0xA0, 0x63, 0x18, 0x0C, 0x06, 0x13, 0x05, 0x30, 0x10, 0xFA, 0x40, 
0x6A, 0x44, 0xDA, 0x44, 0x4A, 0x49, 0xBA, 0x49, 0x2A, 0x4A, 0x9A, 0x4A, 0x0A, 0x4B, 0xF6, 0x5B, 
0x66, 0x5C, 0x0D, 0x61, 0x82, 0x80, 0xE3, 0x02, 0x0C, 0xFE, 0xEF, 0xD0, 0xDF, 0xCF, 0xAA, 0x85, 
0x37, 0x66, 0x87, 0x40, 0x37, 0x65, 0x87, 0x40, 0x13, 0x06, 0x06, 0xE0, 0x13, 0x05, 0x85, 0xE9, 
0x97, 0xF0, 0x78, 0xFF, 0xE7, 0x80, 0x40, 0xE2, 0xC9, 0xB7, 0xEF, 0xD0, 0xDF, 0xCD, 0x1C, 0x44, 
0x58, 0x40, 0xAA, 0x85, 0x37, 0x66, 0x87, 0x40, 0x37, 0x65, 0x87, 0x40, 0x5A, 0x88, 0xA6, 0x86, 
0x13, 0x06, 0x06, 0xE0, 0x13, 0x05, 0xC5, 0xE0, 0x97, 0xF0, 0x78, 0xFF, 0xE7, 0x80, 0xC0, 0xDF, 
0x13, 0x05, 0x40, 0x10, 0x69, 0xBF, 0xEF, 0xD0, 0x1F, 0xCB, 0xAA, 0x85, 0x37, 0x66, 0x87, 0x40, 
0x37, 0x65, 0x87, 0x40, 0x13, 0x06, 0x06, 0xE0, 0x13, 0x05, 0x85, 0xE6, 0x97, 0xF0, 0x78, 0xFF, 
0xE7, 0x80, 0x80, 0xDD, 0x9D, 0xBF, 0xE3, 0x0A, 0x0C, 0xF6, 0xEF, 0xD0, 0xDF, 0xC8, 0x03, 0x57, 
0x04, 0x00, 0xAA, 0x85, 0x37, 0x66, 0x87, 0x40, 0x37, 0x65, 0x87, 0x40, 0xA6, 0x86, 0x13, 0x06, 
0x06, 0xE0, 0x13, 0x05, 0xC5, 0xEB, 0x97, 0xF0, 0x78, 0xFF, 0xE7, 0x80, 0xE0, 0xDA, 0xB1, 0xB7, 
0xE3, 0x05, 0x0C, 0xF4, 0xEF, 0xD0, 0x3F, 0xC6, 0xAA, 0x85, 0x37, 0x66, 0x87, 0x40, 0x37, 0x65, 
0x87, 0x40, 0x13, 0x06, 0x06, 0xE0, 0x13, 0x05, 0x05, 0xEF, 0x97, 0xF0, 0x78, 0xFF, 0xE7, 0x80, 
0xA0, 0xD8, 0x25, 0xB7, 0x41, 0x11, 0x06, 0xC6, 0x97, 0xF0, 0x78, 0xFF, 0xE7, 0x80, 0x80, 0x38, 
0xB7, 0x27, 0x00, 0x60, 0x03, 0xA6, 0x47, 0x38, 0x93, 0x86, 0x07, 0x38, 0x13, 0x87, 0xC7, 0x37, 
0x1D, 0x9A, 0x23, 0xA2, 0xC7, 0x38, 0x81, 0x47, 0x13, 0x06, 0x00, 0x10, 0x9C, 0xC2, 0x23, 0x20, 
0x07, 0x00, 0x85, 0x07, 0xE3, 0x9C, 0xC7, 0xFE, 0xB2, 0x40, 0x41, 0x01, 0x82, 0x80, 0xB7, 0x26, 
0x00, 0x60, 0x36, 0x87, 0x13, 0x07, 0xC7, 0x37, 0x93, 0x86, 0x06, 0x38, 0x81, 0x47, 0x13, 0x06, 
0x00, 0x10, 0x9C, 0xC2, 0x23, 0x20, 0x07, 0x00, 0x85, 0x07, 0xE3, 0x9C, 0xC7, 0xFE, 0x82, 0x80, 
0xB7, 0x25, 0x00, 0x60, 0x93, 0x85, 0x45, 0x38, 0x8C, 0x41, 0x8D, 0x81, 0x8D, 0x89, 0x81, 0xCD, 
0x05, 0x45, 0x63, 0x84, 0xA5, 0x1A, 0x09, 0x45, 0x63, 0x95, 0xA5, 0x04, 0x11, 0x68, 0x13, 0x05, 
0xF8, 0xFF, 0x39, 0x43, 0x29, 0xA0, 0x41, 0x68, 0x13, 0x05, 0xF8, 0xFF, 0x41, 0x43, 0xB3, 0x65, 
0xD6, 0x00, 0xE9, 0x8D, 0x9D, 0xE5, 0xB7, 0x25, 0x00, 0x60, 0x93, 0x85, 0x45, 0x38, 0x8C, 0x41, 
0x37, 0x05, 0x00, 0x01, 0x8D, 0x81, 0x8D, 0x89, 0x99, 0xC9, 0x85, 0x48, 0x37, 0x05, 0x80, 0x00, 
0x63, 0x87, 0x15, 0x01, 0x89, 0x48, 0x37, 0x05, 0x20, 0x00, 0x63, 0x85, 0x15, 0x17, 0x63, 0xE6, 
0xA6, 0x00, 0x41, 0x11, 0x06, 0xC6, 0xEF, 0xF0, 0xCF, 0x98, 0xB7, 0x25, 0x00, 0x60, 0x93, 0x85, 
0x45, 0x38, 0x8C, 0x41, 0x37, 0x05, 0x00, 0x01, 0x8D, 0x81, 0x8D, 0x89, 0x89, 0xCD, 0x85, 0x48, 
0x37, 0x05, 0x80, 0x00, 0x63, 0x89, 0x15, 0x01, 0x89, 0x48, 0x37, 0x05, 0x20, 0x00, 0x63, 0x94, 
0x15, 0x01, 0x37, 0x05, 0x40, 0x00, 0xE3, 0x76, 0xA7, 0xFC, 0xB7, 0x25, 0x00, 0x60, 0x93, 0x85, 
0x45, 0x38, 0x8C, 0x41, 0x13, 0x05, 0xF7, 0xFF, 0x33, 0x0E, 0xD5, 0x00, 0x8D, 0x81, 0x8D, 0x89, 
0xB7, 0x08, 0x00, 0x01, 0x99, 0xC9, 0x85, 0x4E, 0xB7, 0x08, 0x80, 0x00, 0x63, 0x87, 0xD5, 0x01, 
0x89, 0x4E, 0xB7, 0x08, 0x20, 0x00, 0x63, 0x84, 0xD5, 0x11, 0xE3, 0x7C, 0x1E, 0xF9, 0xB7, 0x08, 
0x00, 0xBE, 0xC6, 0x85, 0xB2, 0x95, 0xFD, 0x18, 0x37, 0x0E, 0x00, 0x01, 0x46, 0x97, 0xE3, 0xF2, 
0xC5, 0xF9, 0x32, 0x97, 0xE3, 0x7F, 0xC7, 0xF7, 0x37, 0x27, 0x00, 0x60, 0x13, 0x07, 0x47, 0x38, 
0x18, 0x43, 0x42, 0x95, 0x33, 0x55, 0x65, 0x00, 0x0D, 0x83, 0x0D, 0x8B, 0x4D, 0xCF, 0x85, 0x45, 
0x63, 0x05, 0xB7, 0x0C, 0x89, 0x45, 0xE3, 0x1E, 0xB7, 0xF4, 0xB9, 0x45, 0xB3, 0x15, 0xB5, 0x00, 
0x37, 0x27, 0x00, 0x60, 0x8C, 0xC3, 0x83, 0x27, 0x47, 0x38, 0x41, 0x47, 0x8D, 0x83, 0x8D, 0x8B, 
0x91, 0xCB, 0x85, 0x45, 0x3D, 0x47, 0x63, 0x87, 0xB7, 0x00, 0xF9, 0x17, 0x93, 0xB7, 0x17, 0x00, 
0x13, 0x87, 0xD7, 0x00, 0xB3, 0xD6, 0xE6, 0x00, 0x35, 0xCD, 0xB7, 0x2E, 0x00, 0x60, 0x76, 0x83, 
0xF6, 0x88, 0x37, 0x1F, 0x0B, 0x60, 0x37, 0x0E, 0x00, 0x01, 0x36, 0x95, 0x13, 0x0F, 0x0F, 0x80, 
0x93, 0x8E, 0x4E, 0x38, 0x7D, 0x1E, 0x13, 0x03, 0x03, 0x38, 0x93, 0x88, 0xC8, 0x37, 0x85, 0x4F, 
0x83, 0xA7, 0x0E, 0x00, 0xC1, 0x42, 0x8D, 0x83, 0x8D, 0x8B, 0x89, 0xCB, 0xBD, 0x42, 0x63, 0x87, 
0xF7, 0x01, 0xF9, 0x17, 0x93, 0xB7, 0x17, 0x00, 0x93, 0x82, 0xD7, 0x00, 0x03, 0x27, 0x4F, 0x03, 
0xB3, 0x75, 0xC6, 0x01, 0xB3, 0xD5, 0x55, 0x00, 0x49, 0x83, 0x1D, 0x8B, 0x93, 0x57, 0x27, 0x00, 
0x93, 0x52, 0x17, 0x00, 0xB3, 0xC7, 0x57, 0x00, 0xB9, 0x8F, 0x85, 0x8B, 0xAA, 0x07, 0xD5, 0x8F, 
0x93, 0xE7, 0x07, 0x20, 0x23, 0x20, 0xB3, 0x00, 0x85, 0x06, 0x23, 0xA0, 0xF8, 0x00, 0x42, 0x96, 
0xE3, 0x18, 0xD5, 0xFA, 0x82, 0x80, 0xC1, 0x45, 0x91, 0xBF, 0x21, 0x68, 0x13, 0x05, 0xF8, 0xFF, 
0x3D, 0x43, 0xB5, 0xB5, 0x37, 0x05, 0x40, 0x00, 0x59, 0xBD, 0xBD, 0x45, 0x81, 0xB7, 0xB7, 0x08, 
0x40, 0x00, 0xE3, 0x78, 0x1E, 0xE9, 0xE5, 0xBD, 0x37, 0x87, 0x0C, 0x60, 0x83, 0x26, 0x47, 0x13, 
0xB7, 0x57, 0x87, 0x40, 0x93, 0x87, 0xC7, 0x62, 0x85, 0x8A, 0xA3, 0x80, 0xD7, 0x00, 0x83, 0x26, 
0x47, 0x13, 0x13, 0x07, 0x47, 0x13, 0x85, 0x8A, 0x23, 0x80, 0xD7, 0x00, 0x14, 0x43, 0x18, 0x43, 
0x85, 0x8A, 0x05, 0x8B, 0xA3, 0x82, 0xD7, 0x00, 0x23, 0x82, 0xE7, 0x00, 0x82, 0x80, 0x41, 0x11, 
0x22, 0xC4, 0x37, 0x54, 0x87, 0x40, 0x06, 0xC6, 0x13, 0x04, 0xC4, 0x62, 0x75, 0x3F, 0x03, 0x45, 
0x04, 0x00, 0x97, 0xF0, 0x78, 0xFF, 0xE7, 0x80, 0xE0, 0x16, 0xB7, 0x87, 0x0C, 0x60, 0xD8, 0x43, 
0x93, 0x06, 0x10, 0x10, 0x23, 0x13, 0xD4, 0x00, 0xD8, 0xC3, 0xD8, 0x43, 0xB2, 0x40, 0x75, 0x9B, 
0xD8, 0xC3, 0xD8, 0x43, 0x79, 0x9B, 0xD8, 0xC3, 0xD8, 0x43, 0xD8, 0xC3, 0x23, 0x11, 0xD4, 0x00, 
0x22, 0x44, 0x41, 0x01, 0x82, 0x80, 0x41, 0x11, 0x06, 0xC6, 0x22, 0xC4, 0x26, 0xC2, 0x85, 0x47, 
0x63, 0x19, 0xF5, 0x04, 0x2A, 0x84, 0xAE, 0x84, 0x97, 0xF0, 0x78, 0xFF, 0xE7, 0x80, 0x40, 0x12, 
0x63, 0x88, 0x84, 0x02, 0x89, 0xCC, 0x89, 0x47, 0x63, 0x9D, 0xF4, 0x02, 0xB2, 0x40, 0x22, 0x44, 
0xB7, 0x57, 0x87, 0x40, 0x23, 0x97, 0x07, 0x62, 0x92, 0x44, 0x41, 0x01, 0x82, 0x80, 0xB2, 0x40, 
0x22, 0x44, 0xB7, 0x57, 0x87, 0x40, 0xA3, 0x87, 0x07, 0x62, 0x92, 0x44, 0x41, 0x01, 0x82, 0x80, 
0xB2, 0x40, 0x22, 0x44, 0xB7, 0x57, 0x87, 0x40, 0x23, 0x87, 0x07, 0x62, 0x92, 0x44, 0x41, 0x01, 
0x82, 0x80, 0xEF, 0xE0, 0x1F, 0xF4, 0x41, 0x11, 0x06, 0xC6, 0x22, 0xC4, 0x26, 0xC2, 0x4A, 0xC0, 
0x85, 0x47, 0x63, 0x1E, 0xF5, 0x04, 0x37, 0x59, 0x87, 0x40, 0x13, 0x09, 0xC9, 0x62, 0xAA, 0x84, 
0x03, 0x45, 0x09, 0x00, 0x2E, 0x84, 0x97, 0xF0, 0x78, 0xFF, 0xE7, 0x80, 0xA0, 0x0B, 0x63, 0x08, 
0x94, 0x02, 0x11, 0xCC, 0x89, 0x47, 0x63, 0x1C, 0xF4, 0x02, 0xB2, 0x40, 0x22, 0x44, 0x93, 0x07, 
0x10, 0x10, 0x23, 0x11, 0xF9, 0x00, 0x92, 0x44, 0x02, 0x49, 0x41, 0x01, 0x82, 0x80, 0xB2, 0x40, 
0x22, 0x44, 0xA3, 0x01, 0x99, 0x00, 0x92, 0x44, 0x02, 0x49, 0x41, 0x01, 0x82, 0x80, 0x23, 0x01, 
0x89, 0x00, 0xB2, 0x40, 0x22, 0x44, 0x92, 0x44, 0x02, 0x49, 0x41, 0x01, 0x82, 0x80, 0xEF, 0xE0, 
0x5F, 0xED, 0x01, 0x11, 0x06, 0xCE, 0xB9, 0xCD, 0x93, 0x86, 0xF5, 0xFF, 0xF5, 0x8D, 0xB9, 0xE9, 
0xB7, 0x67, 0x09, 0x60, 0x93, 0x87, 0x07, 0x00, 0x03, 0xA7, 0xC7, 0x11, 0x93, 0xF6, 0xF6, 0x0F, 
0x37, 0x06, 0xFD, 0xFF, 0x3A, 0xC6, 0x32, 0x47, 0x7D, 0x16, 0x13, 0x77, 0x07, 0xF0, 0x55, 0x8F, 
0x3A, 0xC6, 0x32, 0x47, 0x23, 0xAE, 0xE7, 0x10, 0x03, 0xA7, 0x87, 0x11, 0x3A, 0xC4, 0x22, 0x47, 
0x13, 0x77, 0x07, 0xF0, 0x55, 0x8F, 0x3A, 0xC4, 0x22, 0x47, 0x23, 0xAC, 0xE7, 0x10, 0x03, 0xA7, 
0x07, 0x11, 0x71, 0x8F, 0x23, 0xA8, 0xE7, 0x10, 0xF2, 0x40, 0x05, 0x61, 0x17, 0xF3, 0x78, 0xFF, 
0x67, 0x00, 0x83, 0x9C, 0xEF, 0xE0, 0xFF, 0xE6, 0x13, 0x07, 0x00, 0x1E, 0x33, 0x47, 0xA7, 0x02, 
0x01, 0x11, 0x06, 0xCE, 0xA5, 0x47, 0x93, 0x06, 0xD7, 0xFF, 0x63, 0xF4, 0xD7, 0x00, 0xEF, 0xE0, 
0x5F, 0xE5, 0x93, 0x07, 0x40, 0xDF, 0xB3, 0xD7, 0xD7, 0x40, 0x85, 0x8B, 0xED, 0xFB, 0xB7, 0xB7, 
0xAA, 0xAA, 0x93, 0x87, 0xB7, 0xAA, 0xB3, 0x37, 0xF7, 0x02, 0xB7, 0x66, 0x09, 0x60, 0x93, 0x86, 
0x06, 0x00, 0x03, 0xA6, 0x86, 0x11, 0x41, 0x78, 0x13, 0x08, 0xF8, 0x0F, 0x32, 0xC6, 0x32, 0x46, 
0x71, 0x17, 0xC1, 0x75, 0x85, 0x83, 0xFD, 0x17, 0x93, 0xF7, 0xF7, 0x0F, 0x33, 0x76, 0x06, 0x01, 
0xA2, 0x07, 0xD1, 0x8F, 0x3E, 0xC6, 0xB2, 0x47, 0x13, 0x37, 0x17, 0x00, 0xFD, 0x15, 0x23, 0xAC, 
0xF6, 0x10, 0x83, 0xA7, 0x86, 0x11, 0x42, 0x07, 0x37, 0x06, 0xFD, 0xFF, 0xED, 0x8F, 0xD9, 0x8F, 
0x23, 0xAC, 0xF6, 0x10, 0x83, 0xA7, 0x06, 0x11, 0x13, 0x07, 0xF6, 0xFF, 0x41, 0x66, 0xF9, 0x8F, 
0xD1, 0x8F, 0x23, 0xA8, 0xF6, 0x10, 0xF2, 0x40, 0x05, 0x61, 0x17, 0xF3, 0x78, 0xFF, 0x67, 0x00, 
0xA3, 0x92, 0x21, 0xCD, 0xB7, 0x07, 0x0B, 0x60, 0x93, 0x87, 0x07, 0x40, 0xD8, 0x57, 0x37, 0x06, 
0x00, 0x60, 0xB7, 0x06, 0x40, 0xFE, 0x0E, 0x07, 0x0D, 0x83, 0x51, 0x8F, 0xD8, 0xD7, 0xD8, 0x57, 
0xFD, 0x16, 0x37, 0x06, 0xC0, 0x00, 0x75, 0x8F, 0x51, 0x8F, 0xD8, 0xD7, 0xD8, 0x57, 0xB7, 0x06, 
0x00, 0xF2, 0xFD, 0x16, 0x75, 0x8F, 0xB7, 0x06, 0x00, 0x06, 0x55, 0x8F, 0xD8, 0xD7, 0xD4, 0x57, 
0x37, 0x06, 0x00, 0x10, 0x37, 0x07, 0x0B, 0x60, 0xD1, 0x8E, 0xD4, 0xD7, 0x93, 0x07, 0xC7, 0x0A, 
0x03, 0x27, 0xC7, 0x0A, 0x51, 0x8F, 0x98, 0xC3, 0x82, 0x80, 0xB7, 0x07, 0x0B, 0x60, 0x03, 0xA7, 
0xC7, 0x0A, 0xB7, 0x06, 0x00, 0xF0, 0xFD, 0x16, 0x75, 0x8F, 0x23, 0xA6, 0xE7, 0x0A, 0x82, 0x80, 
0x37, 0x07, 0x09, 0x60, 0x54, 0x43, 0xB7, 0x17, 0x0B, 0x60, 0x93, 0xE6, 0x06, 0x20, 0x54, 0xC3, 
0xD8, 0x57, 0x13, 0x67, 0x17, 0x00, 0xD8, 0xD7, 0x82, 0x80, 0xB7, 0x07, 0x0B, 0x60, 0x03, 0xA7, 
0xC7, 0x0A, 0x01, 0xE9, 0xB7, 0x06, 0x00, 0xE0, 0xFD, 0x16, 0x75, 0x8F, 0x23, 0xA6, 0xE7, 0x0A, 
0x82, 0x80, 0xB7, 0x06, 0x00, 0x20, 0x55, 0x8F, 0x13, 0x05, 0xC0, 0x12, 0x23, 0xA6, 0xE7, 0x0A, 
0x17, 0xF3, 0x78, 0xFF, 0x67, 0x00, 0xC3, 0x86, 0xB7, 0x07, 0x0B, 0x60, 0x03, 0xA7, 0xC7, 0x0A, 
0x01, 0xE9, 0xB7, 0x06, 0x00, 0xC0, 0xFD, 0x16, 0x75, 0x8F, 0x23, 0xA6, 0xE7, 0x0A, 0x82, 0x80, 
0xB7, 0x06, 0x00, 0x40, 0x55, 0x8F, 0x13, 0x05, 0x20, 0x03, 0x23, 0xA6, 0xE7, 0x0A, 0x17, 0xF3, 
0x78, 0xFF, 0x67, 0x00, 0xE3, 0x83, 0x89, 0x47, 0x63, 0x05, 0xF5, 0x04, 0x63, 0xE2, 0xA7, 0x02, 
0x25, 0xC1, 0x37, 0x07, 0x0B, 0x60, 0x13, 0x07, 0x07, 0x40, 0x1C, 0x43, 0x13, 0x05, 0xC0, 0x12, 
0xF1, 0x9B, 0x93, 0xE7, 0x17, 0x00, 0x1C, 0xC3, 0x17, 0xF3, 0x78, 0xFF, 0x67, 0x00, 0x43, 0x81, 
0x8D, 0x47, 0x63, 0x1C, 0xF5, 0x04, 0xB7, 0x07, 0x0B, 0x60, 0x93, 0x87, 0x07, 0x40, 0x98, 0x43, 
0x13, 0x05, 0xC0, 0x12, 0x13, 0x67, 0x37, 0x00, 0x98, 0xC3, 0x17, 0xE3, 0x78, 0xFF, 0x67, 0x00, 
0x23, 0x7F, 0x37, 0x07, 0x0B, 0x60, 0x13, 0x07, 0x07, 0x40, 0x1C, 0x43, 0x13, 0x05, 0xC0, 0x12, 
0xF1, 0x9B, 0x93, 0xE7, 0x27, 0x00, 0x1C, 0xC3, 0x17, 0xE3, 0x78, 0xFF, 0x67, 0x00, 0x43, 0x7D, 
0xB7, 0x07, 0x0B, 0x60, 0x93, 0x87, 0x07, 0x40, 0x98, 0x43, 0x13, 0x05, 0xC0, 0x12, 0x71, 0x9B, 
0x98, 0xC3, 0x17, 0xE3, 0x78, 0xFF, 0x67, 0x00, 0xA3, 0x7B, 0x41, 0x11, 0x06, 0xC6, 0xEF, 0xE0, 
0x5F, 0xC6, 0xB7, 0x07, 0x0B, 0x60, 0x93, 0x87, 0x07, 0x40, 0x88, 0x43, 0x89, 0x47, 0x0D, 0x89, 
0x63, 0x07, 0xF5, 0x00, 0x8D, 0x47, 0x63, 0x04, 0xF5, 0x00, 0x33, 0x35, 0xA0, 0x00, 0x82, 0x80, 
0xB7, 0x07, 0x0B, 0x60, 0x93, 0x87, 0x07, 0x40, 0x9C, 0x43, 0x8D, 0x8B, 0x99, 0xC3, 0x21, 0x65, 
0x82, 0x80, 0x37, 0x15, 0x02, 0x00, 0x13, 0x05, 0x05, 0x34, 0x82, 0x80, 0x09, 0xED, 0xB7, 0x07, 
0x0B, 0x60, 0x93, 0x87, 0x07, 0x40, 0x98, 0x43, 0x0D, 0x45, 0x6D, 0x9B, 0x98, 0xC3, 0x17, 0xE3, 
0x78, 0xFF, 0x67, 0x00, 0xE3, 0x75, 0x85, 0x47, 0x63, 0x1F, 0xF5, 0x00, 0xB7, 0x07, 0x0B, 0x60, 
0x93, 0x87, 0x07, 0x40, 0x98, 0x43, 0x0D, 0x45, 0x13, 0x67, 0x47, 0x00, 0x98, 0xC3, 0x17, 0xE3, 
0x78, 0xFF, 0x67, 0x00, 0xE3, 0x73, 0x41, 0x11, 0x06, 0xC6, 0xEF, 0xE0, 0x9F, 0xBE, 0xB7, 0x07, 
0x0B, 0x60, 0x93, 0x87, 0x07, 0x40, 0x88, 0x43, 0x09, 0x81, 0x05, 0x89, 0x82, 0x80, 0x82, 0x80, 
0xB7, 0x17, 0x0B, 0x60, 0x88, 0x4B, 0x13, 0x17, 0x05, 0x01, 0x41, 0x83, 0x93, 0x57, 0x05, 0x01, 
0x63, 0x0B, 0xF7, 0x04, 0x41, 0x11, 0x06, 0xC6, 0xEF, 0xD0, 0xEF, 0xDA, 0xAA, 0x85, 0x37, 0x76, 
0x87, 0x40, 0x37, 0x75, 0x87, 0x40, 0x13, 0x06, 0x06, 0xC1, 0x13, 0x05, 0x85, 0xC1, 0x97, 0xE0, 
0x78, 0xFF, 0xE7, 0x80, 0x60, 0x6D, 0xB7, 0x17, 0x0B, 0x60, 0x94, 0x4B, 0x41, 0x67, 0x05, 0x07, 
0xB7, 0x07, 0x29, 0x00, 0xF9, 0x8E, 0x93, 0x87, 0x97, 0x02, 0x63, 0x86, 0xE6, 0x00, 0xB7, 0x07, 
0x28, 0x00, 0x93, 0x87, 0x87, 0x02, 0xB2, 0x40, 0x37, 0x17, 0x0B, 0x60, 0x1C, 0xCB, 0x13, 0x05, 
0x80, 0x02, 0x41, 0x01, 0x82, 0x80, 0x93, 0x07, 0xF5, 0xFF, 0x75, 0x57, 0xE3, 0x64, 0xF7, 0xFA, 
0xC1, 0x67, 0xF9, 0x17, 0x7D, 0x8D, 0x59, 0xDD, 0x82, 0x80, 0x41, 0x11, 0x22, 0xC4, 0x26, 0xC2, 
0x06, 0xC6, 0x2A, 0x84, 0xAE, 0x84, 0xAD, 0x3F, 0x63, 0x63, 0x85, 0x02, 0xAA, 0x87, 0x01, 0x45, 
0x11, 0xC8, 0x33, 0xD7, 0x87, 0x02, 0x93, 0x56, 0x17, 0x00, 0xBE, 0x96, 0xB3, 0xD6, 0xE6, 0x02, 
0x63, 0x0B, 0xD4, 0x04, 0xB2, 0x40, 0x22, 0x44, 0x92, 0x44, 0x41, 0x01, 0x82, 0x80, 0x93, 0x07, 
0x00, 0x05, 0x63, 0x04, 0xF4, 0x02, 0x93, 0x07, 0x80, 0x07, 0x63, 0x15, 0xF4, 0x02, 0x11, 0x47, 
0x85, 0x46, 0x93, 0x07, 0x00, 0x1E, 0xC0, 0xC4, 0xB2, 0x40, 0x22, 0x44, 0x94, 0xC0, 0xDC, 0xC0, 
0x98, 0xC4, 0x05, 0x45, 0x92, 0x44, 0x41, 0x01, 0x82, 0x80, 0x19, 0x47, 0x85, 0x46, 0x93, 0x07, 
0x00, 0x1E, 0xD5, 0xB7, 0x93, 0x07, 0x00, 0x0A, 0x63, 0x19, 0xF4, 0x00, 0x0D, 0x47, 0x85, 0x46, 
0x93, 0x07, 0x00, 0x1E, 0xC9, 0xBF, 0x81, 0x46, 0xF9, 0xB7, 0x01, 0x45, 0x65, 0xB7, 0x01, 0x11, 
0x37, 0x67, 0x09, 0x60, 0x22, 0xCC, 0x06, 0xCE, 0x13, 0x07, 0x07, 0x00, 0x83, 0x27, 0x07, 0x11, 
0x05, 0x46, 0x14, 0x41, 0xC1, 0x83, 0x8D, 0x8B, 0x2A, 0x84, 0x63, 0x8C, 0xC7, 0x00, 0xA5, 0xCE, 
0x63, 0x82, 0xC6, 0x08, 0x89, 0x47, 0x63, 0x86, 0xF6, 0x1A, 0xF2, 0x40, 0x62, 0x44, 0x05, 0x61, 
0x82, 0x80, 0x63, 0x83, 0x06, 0x16, 0x63, 0x89, 0xF6, 0x14, 0x89, 0x47, 0xE3, 0x97, 0xF6, 0xFE, 
0x83, 0x27, 0xC7, 0x11, 0xB7, 0x06, 0xFD, 0xFF, 0xFD, 0x16, 0x3E, 0xC4, 0xA2, 0x47, 0x37, 0x06, 
0x02, 0x00, 0x51, 0x45, 0x93, 0xF7, 0x07, 0xF0, 0x3E, 0xC4, 0xA2, 0x47, 0x23, 0x2E, 0xF7, 0x10, 
0x83, 0x27, 0x87, 0x11, 0x3E, 0xC6, 0xB2, 0x47, 0x93, 0xF7, 0x07, 0xF0, 0x3E, 0xC6, 0xB2, 0x47, 
0x23, 0x2C, 0xF7, 0x10, 0x83, 0x27, 0x07, 0x11, 0xF5, 0x8F, 0xD1, 0x8F, 0x23, 0x28, 0xF7, 0x10, 
0x97, 0xE0, 0x78, 0xFF, 0xE7, 0x80, 0x40, 0x5A, 0xB7, 0x57, 0x87, 0x40, 0x83, 0xA7, 0x47, 0x62, 
0x63, 0x8E, 0x07, 0x10, 0x59, 0xBF, 0x62, 0x44, 0x0C, 0x45, 0xF2, 0x40, 0x48, 0x45, 0x05, 0x61, 
0x6F, 0xF0, 0x3F, 0xB6, 0x21, 0x45, 0x26, 0xCA, 0x99, 0x3D, 0xB7, 0x07, 0x0B, 0x60, 0x03, 0xA7, 
0xC7, 0x0C, 0x37, 0x06, 0x00, 0x70, 0xB7, 0x06, 0x00, 0x02, 0x51, 0x8F, 0x23, 0xA6, 0xE7, 0x0C, 
0x03, 0xA7, 0xC7, 0x0C, 0x55, 0x8F, 0x23, 0xA6, 0xE7, 0x0C, 0x1D, 0x3D, 0x58, 0x40, 0x93, 0x07, 
0x00, 0x1E, 0x63, 0x17, 0xF7, 0x14, 0xB7, 0x04, 0x0B, 0x60, 0x83, 0xA7, 0x84, 0x81, 0x93, 0x06, 
0x00, 0x05, 0x09, 0x46, 0xED, 0x9B, 0x23, 0xAC, 0xF4, 0x80, 0x83, 0xA7, 0x84, 0x81, 0x81, 0x45, 
0x13, 0x05, 0x60, 0x06, 0x93, 0xE7, 0x87, 0x00, 0x23, 0xAC, 0xF4, 0x80, 0xEF, 0xD0, 0x4F, 0x9E, 
0xA1, 0x46, 0x0D, 0x46, 0x81, 0x45, 0x13, 0x05, 0x60, 0x06, 0xEF, 0xD0, 0x6F, 0x9D, 0x81, 0x47, 
0x01, 0x47, 0x89, 0x46, 0x15, 0x46, 0x81, 0x45, 0x13, 0x05, 0x60, 0x06, 0xEF, 0xD0, 0x6F, 0xA1, 
0x81, 0x47, 0x11, 0x47, 0x99, 0x46, 0x15, 0x46, 0x81, 0x45, 0x13, 0x05, 0x60, 0x06, 0xEF, 0xD0, 
0x4F, 0xA0, 0x93, 0x06, 0x30, 0x07, 0x19, 0x46, 0x81, 0x45, 0x13, 0x05, 0x60, 0x06, 0xEF, 0xD0, 
0x2F, 0x9A, 0x89, 0x47, 0x01, 0x47, 0x85, 0x46, 0x25, 0x46, 0x81, 0x45, 0x13, 0x05, 0x60, 0x06, 
0x93, 0x84, 0x84, 0x81, 0xEF, 0xD0, 0xEF, 0x9D, 0x9C, 0x40, 0x13, 0x97, 0x77, 0x00, 0xE3, 0x5D, 
0x07, 0xFE, 0x29, 0x45, 0x97, 0xE0, 0x78, 0xFF, 0xE7, 0x80, 0x80, 0x4B, 0x9C, 0x40, 0x37, 0x57, 
0x87, 0x40, 0x93, 0x06, 0x00, 0x1E, 0xDD, 0x9B, 0x9C, 0xC0, 0x9C, 0x40, 0x93, 0xE7, 0x47, 0x00, 
0x9C, 0xC0, 0xD2, 0x44, 0x23, 0x24, 0xD7, 0x62, 0x48, 0x44, 0xEF, 0xF0, 0xFF, 0xAD, 0x62, 0x44, 
0xF2, 0x40, 0x25, 0x45, 0x05, 0x61, 0xA5, 0xB3, 0x0C, 0x45, 0x48, 0x45, 0xEF, 0xF0, 0x7F, 0xA6, 
0xB7, 0x57, 0x87, 0x40, 0x83, 0xA7, 0x47, 0x62, 0xE3, 0x91, 0x07, 0xE8, 0xB7, 0x07, 0x0B, 0x60, 
0x03, 0xA7, 0xC7, 0x0C, 0xB7, 0x56, 0x87, 0x40, 0x13, 0x67, 0x17, 0x00, 0x23, 0xA6, 0xE7, 0x0C, 
0x03, 0xA7, 0xC7, 0x0C, 0x13, 0x67, 0x07, 0x03, 0x23, 0xA6, 0xE7, 0x0C, 0x23, 0xA4, 0x06, 0x62, 
0xA9, 0xBD, 0x83, 0x27, 0xC7, 0x11, 0xB7, 0x06, 0xFD, 0xFF, 0xFD, 0x16, 0x3E, 0xC4, 0xA2, 0x47, 
0x37, 0x06, 0x02, 0x00, 0x51, 0x45, 0x93, 0xF7, 0x07, 0xF0, 0x3E, 0xC4, 0xA2, 0x47, 0x23, 0x2E, 
0xF7, 0x10, 0x83, 0x27, 0x87, 0x11, 0x3E, 0xC6, 0xB2, 0x47, 0x93, 0xF7, 0x07, 0xF0, 0x3E, 0xC6, 
0xB2, 0x47, 0x23, 0x2C, 0xF7, 0x10, 0x83, 0x27, 0x07, 0x11, 0xF5, 0x8F, 0xD1, 0x8F, 0x23, 0x28, 
0xF7, 0x10, 0x62, 0x44, 0xF2, 0x40, 0x05, 0x61, 0x17, 0xE3, 0x78, 0xFF, 0x67, 0x00, 0xC3, 0x40, 
0xEF, 0xE0, 0x3F, 0x8B, 0x79, 0x71, 0x37, 0x67, 0x09, 0x60, 0x26, 0xD2, 0x06, 0xD6, 0x22, 0xD4, 
0x13, 0x07, 0x07, 0x00, 0x83, 0x27, 0x07, 0x11, 0x85, 0x46, 0xAA, 0x84, 0xC1, 0x83, 0x8D, 0x8B, 
0x63, 0x88, 0xD7, 0x06, 0x89, 0x46, 0x63, 0x80, 0xD7, 0x04, 0xD5, 0xE3, 0x83, 0x27, 0x87, 0x11, 
0x3E, 0xC4, 0xA2, 0x47, 0x03, 0x27, 0x07, 0x11, 0x93, 0xF7, 0xF7, 0x0F, 0x3A, 0xC6, 0x32, 0x44, 
0x85, 0x07, 0x13, 0x74, 0xF4, 0x0F, 0x05, 0x04, 0x33, 0x04, 0xF4, 0x02, 0x51, 0x39, 0x81, 0x47, 
0x33, 0x57, 0x85, 0x02, 0x80, 0xC4, 0xB2, 0x50, 0x22, 0x54, 0x9C, 0xC0, 0xC8, 0xC0, 0xD8, 0xC4, 
0x92, 0x54, 0x45, 0x61, 0x82, 0x80, 0x03, 0x26, 0x87, 0x11, 0xD1, 0x46, 0x36, 0x85, 0x32, 0xCC, 
0x62, 0x46, 0x83, 0x25, 0x07, 0x11, 0x13, 0x77, 0xF6, 0x0F, 0x2E, 0xCE, 0x72, 0x44, 0x05, 0x07, 
0x13, 0x74, 0xF4, 0x0F, 0x05, 0x04, 0x33, 0x04, 0xE4, 0x02, 0x33, 0xD7, 0x86, 0x02, 0xD9, 0xB7, 
0x83, 0x26, 0x87, 0x11, 0x83, 0x27, 0x87, 0x11, 0xC1, 0x82, 0x3E, 0xC8, 0xC2, 0x47, 0x85, 0x8A, 
0xA1, 0x83, 0x93, 0xF7, 0xF7, 0x0F, 0xA9, 0xC7, 0x83, 0x26, 0x07, 0x11, 0x85, 0x07, 0x13, 0x07, 
0x00, 0x1E, 0x36, 0xCA, 0x52, 0x44, 0x21, 0x80, 0x13, 0x74, 0xF4, 0x0F, 0x05, 0x04, 0x33, 0x04, 
0xF4, 0x02, 0x33, 0x57, 0x87, 0x02, 0x85, 0x47, 0x13, 0x05, 0x00, 0x1E, 0x61, 0xB7, 0xEF, 0xD0, 
0x8F, 0x9D, 0xAA, 0x85, 0x37, 0x76, 0x87, 0x40, 0x37, 0x75, 0x87, 0x40, 0x13, 0x06, 0x06, 0xC1, 
0x13, 0x05, 0x45, 0xC5, 0x97, 0xE0, 0x78, 0xFF, 0xE7, 0x80, 0x00, 0x30, 0xEF, 0xE0, 0x6F, 0xFC, 
0xC5, 0xDE, 0x13, 0x07, 0x80, 0x07, 0x11, 0x44, 0xF9, 0xB7, 0xB7, 0x17, 0x0B, 0x60, 0x98, 0x4B, 
0xC1, 0x67, 0x85, 0x07, 0x7D, 0x8F, 0x63, 0x14, 0xF7, 0x00, 0x13, 0x65, 0x15, 0x00, 0x13, 0x17, 
0x05, 0x01, 0x41, 0x83, 0x42, 0x05, 0xB7, 0x17, 0x0B, 0x60, 0x49, 0x8F, 0x98, 0xCB, 0x82, 0x80, 
0x79, 0x71, 0x22, 0xD4, 0x37, 0x64, 0x09, 0x60, 0x06, 0xD6, 0x13, 0x04, 0x04, 0x00, 0x83, 0x27, 
0x04, 0x11, 0x05, 0x47, 0xC1, 0x83, 0x8D, 0x8B, 0x63, 0x8A, 0xE7, 0x06, 0x09, 0x47, 0x63, 0x8B, 
0xE7, 0x04, 0xC1, 0xEF, 0xEF, 0xF0, 0xDF, 0xB9, 0x83, 0x27, 0xC4, 0x11, 0x3E, 0xCC, 0x62, 0x47, 
0x83, 0x27, 0x04, 0x11, 0x13, 0x77, 0xF7, 0x0F, 0x3E, 0xCE, 0xF2, 0x47, 0x93, 0xF7, 0xF7, 0x0F, 
0x05, 0x07, 0x85, 0x07, 0xB3, 0x87, 0xE7, 0x02, 0x33, 0x55, 0xF5, 0x02, 0x83, 0x27, 0x04, 0x12, 
0xB2, 0x50, 0x22, 0x54, 0x3E, 0xC2, 0x92, 0x47, 0x37, 0x47, 0x0F, 0x00, 0x13, 0x07, 0x07, 0x24, 
0xA1, 0x83, 0x93, 0xF7, 0xF7, 0x0F, 0x85, 0x07, 0x45, 0x61, 0x33, 0x55, 0xF5, 0x02, 0x33, 0x05, 
0xE5, 0x02, 0x82, 0x80, 0x83, 0x27, 0xC4, 0x11, 0x51, 0x45, 0x3E, 0xC4, 0x22, 0x47, 0x83, 0x27, 
0x04, 0x11, 0x13, 0x77, 0xF7, 0x0F, 0x3E, 0xC6, 0xB2, 0x47, 0x4D, 0xBF, 0x83, 0x27, 0xC4, 0x11, 
0x13, 0x05, 0x00, 0x1E, 0x3E, 0xC8, 0x42, 0x47, 0x83, 0x27, 0x04, 0x11, 0x21, 0x83, 0x3E, 0xCA, 
0xD2, 0x47, 0x13, 0x77, 0xF7, 0x0F, 0x05, 0x07, 0xA1, 0x83, 0x93, 0xF7, 0xF7, 0x0F, 0x85, 0x07, 
0xB3, 0x87, 0xE7, 0x02, 0x33, 0x55, 0xF5, 0x02, 0x51, 0xBF, 0xEF, 0xD0, 0xCF, 0x8C, 0xAA, 0x85, 
0x37, 0x76, 0x87, 0x40, 0x37, 0x75, 0x87, 0x40, 0x13, 0x06, 0x06, 0xC1, 0x13, 0x05, 0x85, 0xC8, 
0x97, 0xE0, 0x78, 0xFF, 0xE7, 0x80, 0x40, 0x1F, 0x01, 0x45, 0x8D, 0xBF, 0xB7, 0x27, 0x0C, 0x60, 
0xE8, 0x5B, 0x05, 0x81, 0x05, 0x89, 0x82, 0x80, 0x00, 0x00, 0x00, 0x00, 0x00, 0x00, 0x00, 0x7B, 
0x23, 0x13, 0x6C, 0x72, 0xFB, 0x51, 0x82, 0x09, 0x65, 0x25, 0x86, 0xA2, 0x9E, 0x42, 0x23, 0xFC, 
0x61, 0xE7, 0x71, 0x66, 0xDB, 0xF3, 0x13, 0x51, 0x2B, 0xBF, 0x73, 0xEC, 0x20, 0x7A, 0xB5, 0x10
};